0,-0,2.8790471122328,2.88818604118649
0.512174060035157,0.317006435679708,2.88332619659767,2.8948433707962
1.03558995071362,0.615285877438285,2.90972821647812,2.91806738034561
1.55663472377443,0.9175397232044,2.93177571629767,2.94351458148736
2.07905409921894,1.21757703826876,2.95501854184273,2.96309174767417
2.60065739579488,1.51899863367661,2.97677953052814,2.98215134862558
3.1204326964333,1.82348615157972,2.99524259486748,3.00269124720388
3.64098336822012,2.12672625949712,3.01500883535751,3.01971527632757
4.16092344307884,2.4310079862339,3.03246624372873,3.03593031448869
4.67932060690557,2.73786376372843,3.04719238030915,3.05316380780765
5.19820610844014,3.04394026861179,3.06310143620397,3.06614139951035
5.71660308169219,3.35084937228301,3.07728512085649,3.07816600134631
6.23356250229791,3.66013517621712,3.08820568506295,3.09108285942275
6.75086895923043,3.9688729736096,3.10003799089065,3.10150125581699
7.26693882751689,4.27965048935711,3.10974475033476,3.1124868108789
7.78334051096823,4.58990448446241,3.11870974474248,3.12071265205078
8.29911926534511,4.90118776621604,3.12660209506729,3.12729241099465
8.8139875494128,5.21396688420089,3.13300319490499,3.13389509973301
9.32880275892003,5.52684124131414,3.1390663183381,3.13891035811394
9.84310545585615,5.84055728242169,3.14315028602709,3.14324525878965
10.3567271069073,6.15538512162938,3.14619044388459,3.14724860440287
10.8700981098914,6.47062349003486,3.14900862402747,3.14900542948356
11.3829363345765,6.7867276865169,3.14996274626381,3.1498260974067
11.8953953775699,7.10344640993597,3.14982620284809,3.14981544750818
12.4073763538585,7.42093735717651,3.14904147357112,3.14918809409803
12.9190390212743,7.73894042185197,3.14791446744176,3.14766680368633
13.4301447642246,8.05783843873938,3.1442669809453,3.14510231330782
13.941070208058,8.37702250620242,3.14053428508606,3.1405330144567
14.4513239679251,8.69728196378727,3.13579621774574,3.13580950550559
14.9611265231563,9.01825919882495,3.12986564330418,3.13053750430094
15.470956118842,9.3391853948307,3.12312299830127,3.12383720878312
15.9799404484043,9.66145855169385,3.11505443988384,3.11717577358292
16.4884107002908,9.98454440887685,3.10629174426852,3.10881632043322
16.997272366707,10.3069934627495,3.09732040185303,3.09840613747013
17.5050412165533,10.6311783389914,3.08603509644301,3.08876657313893
18.0131649982604,10.9547840917969,3.0756988588134,3.07719064066643
18.5201732264514,11.2801572629389,3.06347875186977,3.06646714470772
19.0266476908514,11.6063661958952,3.04883616555642,3.05425795131675
19.5339316646969,11.9312711482276,3.03600019538684,3.03904129229729
20.0398131055522,12.258393470501,3.02081899103334,3.02527023884444
20.5463598055091,12.5844423522943,3.00652031817885,3.00907964680966
21.0515389135282,12.9126482632238,2.98881155600397,2.99430099173469
21.5561664787553,13.2417115949187,2.97036436026503,2.97886936885177
22.0620009634234,13.5688425640825,2.95448442658916,2.95909610906509
22.5661431175762,13.8986390771113,2.93448173684967,2.94139161194762
23.0712431737776,14.2269004747851,2.9160005669284,2.92080852268472
23.5747420888486,14.5576781936312,2.89483068384586,2.90214833892888
24.0777121840008,14.8892723380273,2.87299072610429,2.88341605409096
24.582188730109,15.2184653945701,2.8524295398986,2.85995026506417
25.0847418685471,15.5506782758905,2.82857043381125,2.83848091812799
25.5892056173508,15.8798947458958,2.80242242233563,2.81246495259362
26.0941915573913,16.2083974061416,2.76994546002492,2.78458377205309
26.5985771853989,16.5378218293087,2.743094633725,2.75683269191139
27.1005705462601,16.8706918656299,2.72785910330568,2.73231559529322
27.5976840745147,17.2109909321711,2.70991005596905,2.71533918872282
28.0918324498895,17.5555686995912,2.70166444090751,2.70168712940802
28.5733819783063,17.9174838736464,2.70259458100844,2.70647719445379
29.0372337871541,18.3017866607447,2.7162811513019,2.72928323632955
29.4740280489371,18.7166079124231,2.73783653109673,2.77127709075395
29.8940931857367,19.1482489733629,2.77883564874118,2.80334212404758
30.2807816746022,19.6100490762565,2.81464220430586,2.82060916621128
30.6199587669481,20.1076341844472,2.82993892045956,2.83201103664239
30.9220914304644,20.6287533418215,2.84163107482696,2.8451441692406
31.1956860110563,21.1653900018384,2.85474216721701,2.85775977168777
31.4431390601537,21.7146056553818,2.86681831669106,2.86939716830773
31.6667938487073,22.2739200806109,2.8763239937575,2.87957315205951
31.874054556691,22.8395687928639,2.89113214993042,2.89734024282967
32.0734543611302,23.4080390514799,2.90937317566828,2.91017650782266
32.2520660035205,23.9833306762102,2.91496258179909,2.91499580242933
32.3856472614737,24.5705682531073,2.89614201795652,2.90667741872767
32.4990990357796,25.1621953544286,2.88439987656967,2.88674720542881
32.5932229270828,25.7572175316926,2.87850351973208,2.8787243727928
32.6743486395076,26.3541502948032,2.87173315976523,2.8718238304467
32.7392961952331,26.9530539667873,2.86227884210479,2.86477331218555
32.7857372025065,27.5536650730061,2.84797610904095,2.85203803050224
32.8069450188833,28.1556691171476,2.82201939138913,2.83572325306275
32.8085386387869,28.7580207905029,2.79305908069794,2.81001194388182
32.7943444453201,29.3602553303227,2.77069308737448,2.78013533939318
32.7584409155803,29.9615851706876,2.75358169151107,2.75697656615054
32.6873216993141,30.5595171300087,2.74770535706206,2.75926097204852
32.5642769167433,31.1492783456637,2.76236317097189,2.80454265754
32.4072438015574,31.7304946870581,2.80574016905287,2.83138111651144
32.2015730853251,32.2966411189788,2.84312293204805,2.85995454615254
31.976082450657,32.8552355535972,2.87169897536966,2.87591110177594
31.7293074214707,33.4047860741486,2.88778346298669,2.89852097423356
31.471003766702,33.9490272510603,2.91141031276092,2.92702662294366
31.2081855013795,34.4911080194256,2.94155163414356,2.95404952669792
30.9430086644921,35.0320371508578,2.96720236504033,2.97739507071871
30.6732165652812,35.5706790096275,2.98988300924048,2.99976762681737
30.3984156830585,36.1067824380358,3.01194849744028,3.0218148629409
30.1182006084343,36.6400754566061,3.03404352796636,3.04420592361715
29.8328993271309,37.170666608611,3.05732684895733,3.06678664808329
29.5446269803863,37.699649941015,3.08002510476452,3.08736607233718
29.2536319968337,38.2271404873895,3.10081126727499,3.10585645898735
28.9600042512648,38.753170094265,3.11907533619429,3.12234908947828
28.6620919883693,39.2767518853111,3.1327258499195,3.13895010749503
28.3638557185509,39.800187924634,3.14717960915287,3.15127174319095
28.0630530449017,40.322147950535,3.15981326851378,3.16210133161098
27.7599535747274,40.8427776323869,3.1705141043091,3.17131847603701
27.4546399473612,41.3621119938396,3.1786555114414,3.17901935425231
27.14692094698,41.8800221135921,3.1851061711609,3.18561892366651
26.8372379295438,42.396761668106,3.19036142878646,3.19079244935975
26.5259242750104,42.9125217779887,3.19465071229689,3.19433906049639
26.21270617109,43.427127579988,3.1964157436799,3.19676605569804
25.8976267337708,43.9405957964808,3.19705516588164,3.19798471815587
25.5809756346924,44.4530963454315,3.19689316720077,3.19709206111366
25.2626289430403,44.9645454392928,3.19576954254878,3.19530741642357
24.9428330790424,45.4750894414191,3.19255551658184,3.19252279918038
24.6216327288414,45.9847501770488,3.18858650666166,3.1888656439783
24.2987741111777,46.4933631640588,3.18365633027577,3.18481317911487
23.9752557270954,47.0015527924869,3.17893362980896,3.17882762728081
23.649662022604,47.5084203285173,3.17154688888596,3.1722003586334
23.3228852657737,48.0145249287805,3.16338036559777,3.16506579047488
22.9958097299672,48.5204287215579,3.15581319504673,3.15654413170885
22.6667669100401,49.0250630173691,3.14685672879137,3.14878096714026
22.3378101853959,49.5297420863532,3.13794565719361,3.13842669974526
22.0066174782947,50.0329700816584,3.12674402224665,3.12864330219638
21.6748189148666,50.535794098479,3.11573511530197,3.11842517497784
21.3428915848039,51.0385232347484,3.10548182317549,3.1073594834248
21.0092106875766,51.5401028063413,3.09319858195614,3.09690066420864
20.676037331833,52.0420028292713,3.08166884686049,3.0836912491011
20.3409212760555,52.5426248109845,3.06869966225328,3.07219866140823
20.0064979585733,53.0436909844353,3.05743459440154,3.05941938071698
19.6701909038641,53.5435135644095,3.04404963732647,3.04793825214865
19.3347125512099,54.0438732511315,3.03163031287558,3.03372526349633
18.9974377829059,54.5430433577356,3.01790988035774,3.02157972575072
18.6611177016886,55.042837456304,3.00617985705012,3.00833899090006
18.3231041850794,55.5415076250612,2.9925629363078,2.99644615885443
17.9861491668311,56.0408740042154,2.98007743869896,2.98219815336958
17.6476231562896,56.5391964590774,2.96652946846057,2.97023816044035
17.3102426026736,57.0382761842843,2.95517575212242,2.95742700025144
16.9712544258897,57.5362875625587,2.94196644814399,2.94611891110195
16.6338354698223,58.0353402792103,2.93047081394562,2.93251933264798
16.2951481718214,58.5335505687303,2.9182491547218,2.9213060329953
15.9573682078282,59.0323654857884,2.90791236499341,2.90997505790175
15.6199348758841,59.5314133073999,2.89789908755197,2.89829454609288
15.2812860296862,60.0296542484564,2.88632327756191,2.88813619607723
14.9440838024718,60.5288616333477,2.87725797666745,2.87754802750952
14.6052193169224,61.0269542598407,2.86933044479262,2.87037127510858
14.2640921629466,61.5234980234497,2.8663515173441,2.86699087629905
13.9199490119918,62.0179566711085,2.86528202649342,2.86534715558026
13.5733133243089,62.5106724097735,2.85816283297953,2.86017495812275
13.2201512553263,62.998703573721,2.84584159999502,2.84873856457153
12.8473322714893,63.4718030643706,2.83842590307699,2.83812601857538
12.4422119035616,63.9175364829004,2.83210099825349,2.83382151766674
12.0074736433021,64.3344765701461,2.82392408296318,2.8240312683326
11.5481914848149,64.7241982548259,2.82456162421482,2.82456274890924
11.0596490005263,65.0763754489103,2.83111812009998,2.8389861081575
10.5461648615913,65.3905198021916,2.84314060304792,2.84605570462574
9.99313887753095,65.6302474823864,2.80953674519307,2.83944207243469
9.42812669716921,65.8387644409694,2.79755597218143,2.80344651876838
8.84631985116522,65.9939260472563,2.79829797211151,2.80517822311153
8.25322727580745,66.0992767996458,2.81910051434997,2.8292587166098
7.655686001301,66.175244140794,2.84218885004638,2.84473465583805
7.05415835345987,66.2015863142804,2.84499930563702,2.85144926574637
6.45265516765073,66.1696674246135,2.82239863409945,2.83529081551661
5.8552756168539,66.0924562391219,2.79127845735637,2.81090926444011
5.26223355717981,65.9873008386728,2.76894132066941,2.78280470255137
4.67373124842959,65.8586943923052,2.75278559309432,2.75812399749159
4.08942573002629,65.7120598935795,2.73870961434339,2.7418085985438
3.51131543164052,65.5429917173697,2.73442253821332,2.73444010014604
2.94547604569763,65.3364465034129,2.73005230898459,2.73024471604464
2.39138142302801,65.1001473644881,2.72685040464469,2.72668934234636
1.84863358111017,64.8387767203987,2.72075099241976,2.72075451865916
1.3206668666461,64.5488858390736,2.72034274017835,2.72231287215499
0.813638926072821,64.2237749021148,2.72543150857205,2.72522943222702
0.329239883466844,63.8657134864154,2.72088676712261,2.72199684757699
-0.138121599413068,63.4856624115945,2.69553578724754,2.70915162790436
-0.593403049883394,63.091282805833,2.66177842954296,2.68141149541149
-1.03071558183597,62.6771324154305,2.63450382599654,2.65040229776083
-1.44171055521317,62.2368419880895,2.61865612514275,2.62429298141411
-1.81762901044908,61.7662995444734,2.61339857459936,2.61335826491738
-2.15708340289751,61.2687331868009,2.61766131825315,2.61996930257738
-2.46446015098425,60.7507294646597,2.62847056978226,2.63367134754743
-2.74557081184586,60.2179672187081,2.64511158344042,2.64636726522423
-3.00437377057409,59.6739948412472,2.65525453757867,2.66114448557915
-3.23121610490044,59.115963793657,2.6705773757752,2.6977835945847
-3.42301535455505,58.5449132988451,2.70433459898297,2.73990244854275
-3.57291591180516,57.9613368441126,2.74735644113512,2.75564829527027
-3.65274186580981,57.3646972946724,2.75754611847546,2.75760159246351
-3.68502229541713,56.7632488725322,2.7640978184424,2.7647020168158
-3.66862413904199,56.1612194008727,2.77194831141129,2.78000329459323
-3.59955837113466,55.5629362911951,2.78856564587806,2.80584064818411
-3.48772130562499,54.9713176128987,2.81536063511516,2.81449392304069
-3.30795196904648,54.3962289209081,2.81401459949112,2.81480521483155
-3.08951793613031,53.8349032977816,2.80992553368724,2.80874828688731
-2.82618157708099,53.2931829532668,2.81579076539305,2.82350956184846
-2.5303019454245,52.7684584597197,2.84052113839317,2.8547335800468
-2.20561747726733,52.2611155218199,2.86431062781702,2.87064714007317
-1.84042340634804,51.7822283550984,2.88006838365691,2.89607860854127
-1.45634679211882,51.3181599801531,2.90905200849784,2.91416839600886
-1.07814503895222,50.8493172608544,2.87617052466911,2.90347119963211
-0.707850766047809,50.3741269737539,2.84844716973053,2.86418190473568
-0.303590951077103,49.9278038539022,2.84326140082156,2.84356765565627
0.138364559904205,49.5185531205464,2.84626542370508,2.85018725948537
0.59471512675652,49.1252974630463,2.85988640334328,2.860309161318
1.05829990532278,48.7405787499487,2.86785041785767,2.86826637840658
1.52668244639502,48.3617125174332,2.87407771673581,2.87438546088915
1.99855736757004,47.987203214657,2.88011220826897,2.88027696280349
2.47374946482738,47.6169124041473,2.8857319330894,2.88575838097401
2.952087218021,47.2506935873432,2.89071971855435,2.89053637347046
3.43352408293013,46.888560933685,2.89465618359419,2.89517311542639
3.91709120413896,46.5292745259501,2.89868020150544,2.89867453892807
4.40282011038481,46.1729157028102,2.90202765224895,2.90170351063334
4.89040082445386,45.8190944583954,2.90404286721319,2.9043400040926
5.37966557015085,45.4676063583283,2.90544252388681,2.90666897623391
5.86998672413698,45.1175921860794,2.90686454547097,2.90732577903222
6.3612957219018,44.7689657399567,2.90799596828121,2.90771399515752
6.85328581099805,44.4213009940435,2.90855493661639,2.90788110025938
7.34563780903287,44.0741488982466,2.90770638300743,2.90784588110299
7.8381252952278,43.7271889291837,2.90667750700902,2.90778260789534
8.33031312051134,43.3798043172111,2.90581067266422,2.90577473264988
8.82205778622113,43.0317933864541,2.90371737410256,2.9033814042475
9.31308412862015,42.6827690661283,2.90069014806773,2.90102404768775
9.80287666429912,42.3320189863797,2.89808738237503,2.89838204998541
10.2916781103209,41.9798855776739,2.89350732540725,2.89402334767019
10.7784983242941,41.6250220566566,2.88874449372235,2.88892854137325
11.2632551080206,41.2673512316556,2.8840993287777,2.88371713544021
11.7463407427222,40.9074170372921,2.87625530972005,2.8777573902246
12.2262945662864,40.5433258330569,2.86966788230959,2.86984949066391
12.7031833116985,40.1752404401648,2.86077618062858,2.86180332246988
13.1768964504381,39.8030821212076,2.8519373909624,2.85181613150168
13.6479773975515,39.4275736153295,2.83871677835031,2.84170616613705
14.1150894615272,39.0471608225394,2.8252897353816,2.82851636594291
14.5780077005516,38.6616775694848,2.80783319292937,2.81227423993442
15.0316272435985,38.2653519344709,2.77845150831297,2.78959363195495
15.4741916904386,37.8567286860007,2.74436541435314,2.75991855769529
15.9069258122432,37.4376863125167,2.71084034672689,2.72926426372243
16.3296004812962,37.0085952572216,2.68625422715948,2.69559176642769
16.7496739874828,36.5769055353777,2.66380536925614,2.66895460601242
17.1661036797212,36.1416363724451,2.64244707117538,2.64712952829073
17.5730926320994,35.6975446227705,2.62865002669594,2.62930512979852
17.9705986974062,35.2449072961664,2.6162569977378,2.61867233877385
18.3532996659874,34.779683233732,2.61013801419763,2.61190692457481
18.7187627834947,34.3008113137037,2.60949778437871,2.61009361252518
19.070001204133,33.8114175118612,2.61720314234854,2.61898993359107
19.4061134765475,33.3115816278663,2.63293156195811,2.63606437884436
19.7228629980896,32.7993061478548,2.65241125531219,2.65551218540159
20.0172583232593,32.2737873460937,2.6678054933833,2.66843464950157
20.2899829920746,31.736662793806,2.67093180985278,2.67200457657539
20.5392299834566,31.1883128173288,2.68411538249837,2.69362913776239
20.734709449394,30.6188366880584,2.71266145485562,2.71732684465869
20.8410929797068,30.0263488115555,2.72040156433719,2.71990937873471
20.8900347460442,29.4260772895038,2.72943908696571,2.73246088212002
20.8917101722173,28.8238589058007,2.74928398876888,2.75715149647528
20.8425870632782,28.2236814825208,2.77666346344481,2.78442746523926
20.732179496238,27.6316719040689,2.79628933766325,2.79861669493675
20.5794319602895,27.0490641663593,2.81039353426097,2.83353147098894
20.3787414318825,26.4814918761134,2.85378942413086,2.88390540828581
20.10927502768,25.9430617114344,2.90783310134048,2.91816479961768
19.7649811991186,25.4495614880754,2.89333955553335,2.91885644635389
19.3318660277879,25.0333491128692,2.80579559337245,2.85616659313037
18.8505718887289,24.6727035689092,2.75788238423257,2.78468031918968
18.3552788603321,24.3301922233099,2.73264085788175,2.74224307268892
17.857370690913,23.9911564457452,2.72622016920673,2.72666624561128
17.3596299340664,23.6517962770629,2.71877807863938,2.72034861026758
16.8558343846278,23.3214823169641,2.71820595303796,2.717402266495
16.3470274062074,22.9989382929243,2.71861262877736,2.71954265412368
15.8342016291977,22.6828145323112,2.72030737249434,2.71979650708813
15.3193520437023,22.3699871152653,2.72053445216786,2.72002750666808
14.8100418693775,22.0484647372913,2.72878896944583,2.75157182105689
14.2936802309513,21.7388339164514,2.76459466626613,2.80325793672797
13.7662296273706,21.4486677225323,2.81908372681281,2.85851033631923
13.2179957964998,21.2005271490939,2.88690644890277,2.90374264202758
12.6388881512747,21.039063109041,2.89889697223453,2.91029084681392
12.0399992534643,20.9783021910162,2.87367566847315,2.87775220106543
11.4379336560796,20.9726901537341,2.85427538236549,2.85575954253464
10.8373441621741,21.0169273809149,2.84323209419472,2.8432571911509
10.240755128135,21.0999456005726,2.84099635746385,2.84069552397257
9.64814002324673,21.2078885400015,2.84897024032138,2.85623650014358
9.06267869318027,21.3492025867305,2.87241121054827,2.88752571860121
8.49735649093835,21.5562526427522,2.90822014767167,2.91245355016739
7.97653918277077,21.8566048129547,2.83606094516203,2.88969390883308
7.50754259893944,22.2334098580192,2.73994832768022,2.8234058627263
7.08381851182255,22.6605312265602,2.68891474704246,2.73640637525054
6.68206642528846,23.1088743624436,2.66748208637777,2.67429811516452
6.28047941812496,23.5578809709,2.66039137006528,2.66025341131192
5.89039832195317,24.016933386016,2.66649553977102,2.66702776689316
5.5091615980205,24.4833726594794,2.67742724656353,2.67883697961246
5.12519022241517,24.9475772735969,2.67952518368986,2.67956628832046
4.74181055461356,25.4122736119735,2.67707949762123,2.67752347572647
4.36033894103929,25.8785395596923,2.67446961415873,2.67413184347784
3.98106553307792,26.346593562579,2.67092934068309,2.67066074322155
3.60290094578264,26.8155460634769,2.66712413515678,2.66839623121349
3.22615270220038,27.2856362559857,2.66476919558697,2.66480466542099
2.84995923456375,27.7561713674804,2.6629404511715,2.66227064225555
2.47411102861641,28.226982440958,2.66143038661501,2.66157793198544
2.0981320528662,28.6976889879666,2.6616820769395,2.66300563265333
1.72190804427389,29.1681999662138,2.6642692391388,2.66440310327314
1.34526448516561,29.6383733158566,2.66843893233212,2.66827126080509
0.969490560595495,30.1092437906318,2.67272339764218,2.67283036953619
0.593702512638407,30.5801000977177,2.67694070345688,2.67834810254882
0.218843603406252,31.0516999644665,2.68281143091346,2.6824818214101
-0.156290122465369,31.5230761261971,2.68873204847259,2.688419760732
-0.530452109807142,31.9952292914532,2.69440786791665,2.69443263620775
-0.905044917740766,32.4670344443516,2.69998062376752,2.70127750553703
-1.27933790916917,32.9390784470406,2.70638052259297,2.70734800444574
-1.65289381424421,33.4117099963118,2.71353756795042,2.71343567398207
-2.02699195482451,33.8839064218179,2.71907701236704,2.72104344154759
-2.40016929732085,34.3568389234813,2.72622615064298,2.72750028143985
-2.77401561129815,34.8292359568446,2.73294218809351,2.73382010106177
-3.14720412174274,35.3021581718036,2.73972489263937,2.73975970431733
-3.5211139444272,35.7745043475785,2.74522929179043,2.74694593763888
-3.89433130413099,36.2474049308854,2.75203180163109,2.7534301301988
-4.26835520012491,36.7196619729109,2.75820689532185,2.75900738112217
-4.64188397414851,37.1923160464968,2.76364903152376,2.76384335283947
-5.01574306835283,37.6647077165391,2.76888357270592,2.76891684504742
-5.39019519365784,38.1366275919819,2.77375258873113,2.77442337633458
-5.76448470184102,38.6086795367172,2.77880776512498,2.77870363317418
-6.13959801075479,39.0800742046246,2.78166055557299,2.78215789606768
-6.51467533008655,39.5514997723891,2.78494096970881,2.78486737270979
-6.89042511441042,40.0223887706224,2.78773637088225,2.78759756062563
-7.2664090885345,40.4930915408277,2.78958990451897,2.78964512558477
-7.64294869720853,40.9633499572855,2.79017559280809,2.79112995116911
-8.02007667924395,41.4331366403849,2.79037126664016,2.79066276391762
-8.39779960170308,41.9024450887795,2.79016433664665,2.78960040854681
-8.776002572788,42.3713663752227,2.78806612700088,2.78765342443353
-9.1550869732107,42.8395757987065,2.78487949390443,2.78519530532234
-9.53496371684947,43.3071425399398,2.78102322167829,2.78197062642743
-9.91514627659612,43.7744575238548,2.77680205218971,2.77721183244892
-10.2961806635449,44.2410810958628,2.76802497790379,2.77017515850433
-10.6751441259687,44.7093882284688,2.75466623749255,2.75830297578513
-11.053251510098,45.1783591379377,2.74251435609631,2.74304073905243
-11.4371797590045,45.6425995866834,2.73260012481229,2.73282977089011
-11.828879646627,46.1002954742348,2.73006663042017,2.73018602724522
-12.222944960059,46.5559672973077,2.72768234635742,2.72791815218146
-12.6322044706167,46.9979464839162,2.73063039011462,2.74322193202409
-13.0748324895634,47.4067046092762,2.73805688347909,2.80225449917314
-13.5655058732329,47.7517234451965,2.73027187589713,2.94226319718447
-14.055312714985,48.1076239241665,2.79419810851493,3.07713307737073
-14.5449697107439,48.487693536291,2.92603309846761,3.14941870410313
-15.0509284969309,48.8103558894243,3.04180394136087,3.06764584407124
-15.6052189615961,48.9887181432584,3.04529499831233,3.0698344902348
-16.207151678336,49.0919715446569,3.01138064802788,3.05239812926992
-16.8046490475821,49.1677740790516,2.9898311455996,3.00760311499647
-17.4053783898685,49.2124915387751,2.96081433106037,2.97765232223071
-18.0072864117378,49.2345329459499,2.94132484609954,2.95068924612716
-18.609538236828,49.2260805106278,2.93335395776398,2.93411312057648
-19.2098224296394,49.1763543292393,2.93543473070365,2.93615049301805
-19.805033282104,49.0841800250223,2.94460020014456,2.95314378297485
-20.3937728380305,48.9568920010884,2.96221953690526,2.96963845535705
-20.9758275672498,48.8016583499785,2.98235991212018,2.98835841515729
-21.553894042764,48.632049371769,2.99937673385097,3.00235102788983
-22.1266269276981,48.4454048782436,3.0136437244395,3.02165425193581
-22.6927876520682,48.2395870922059,3.03525248237795,3.05380007573535
-23.2532848567953,48.0188625729543,3.067511579032,3.07837890246876
-23.8016277016647,47.769418287265,3.09210910840123,3.10306260373853
-24.340839053625,47.5008226359092,3.11546983369386,3.12310839961609
-24.8716748067972,47.2160081377044,3.13606021373745,3.14230948226921
-25.3934051965295,46.914810314076,3.15367597697974,3.16215022023327
-25.9067816984505,46.599719647971,3.17140810654825,3.17455062713
-26.408017797324,46.2655713161659,3.18049379709471,3.18130911765518
-26.8970837618604,45.91386050445,3.18397257160076,3.18406757223473
-27.3734754277003,45.5451622549797,3.18255493152037,3.18248558263784
-27.836329104671,45.1596008321161,3.17383290605885,3.17534907543936
-28.2840087483334,44.7564861685807,3.15925051051084,3.16328750914644
-28.7171286781128,44.3378105979952,3.14385110237182,3.14795682093623
-29.1258046373395,43.8953055229712,3.13671532789427,3.13773014951899
-29.5049854864511,43.4273168231486,3.12974567129591,3.13067696416144
-29.8440778019424,42.9294996199971,3.10412401186963,3.12217769867352
-30.1379534163459,42.4037591588196,3.04847810581238,3.09561686562608
-30.4246981291838,41.8741026971417,3.00320652650691,3.04800868942903
-30.6815007901936,41.3293377516296,2.96406447318444,3.00587681238332
-30.8938726090675,40.7659263882331,2.93207645851084,2.96909949417441
-31.0289519626969,40.1787294231563,2.86184976586771,2.94162294256414
-31.1614471710828,39.5911043078318,2.81783466050624,2.87195823751267
-31.2733754802169,38.9992092062801,2.79665934945071,2.81675547468515
-31.3485583049286,38.4016277725484,2.78980685292164,2.79037518631306
-31.3767314206411,37.7999353551747,2.7957444107246,2.80096974042996
-31.3787741217502,37.1975246341876,2.81200770191675,2.82544818986878
-31.3630761611763,36.5953709326849,2.83878827750271,2.85322494356587
-31.3263251523755,35.9941090833171,2.86593223809521,2.88380204487359
-31.2615154749874,35.3951670396291,2.89576491749165,2.91996126601479
-31.1657498793644,34.800441704984,2.926167792741,2.96894093500985
-31.0395156667098,34.2116525317304,2.95629677844512,3.0317390953248
-30.8636826871082,33.6325352637368,2.98004491397561,3.12706312765075
-30.6681698052044,33.0632614461604,3.05249305768043,3.07961249326155
-30.3657571778322,32.545655911941,3.06942125991641,3.09562576891142
-29.9974592989521,32.0728835239976,3.06174702288161,3.19621212623804
-29.524021098977,31.7055563646688,2.9499398585056,3.45741572729508
-29.0336427437351,31.3466280245177,2.86365567849732,3.7447148692961
-28.5288619198453,31.0037637395489,2.80507450854058,3.80392981092842
-28.0122163139266,30.6846287457675,2.78047158151724,3.51860830653688
-27.4862436125981,30.3968882791783,2.79298301268841,3.26084789246813
-26.9447641239022,30.1477785811391,2.84198782991784,3.03940363473739
-26.3634083845967,29.9927701813393,2.83310970829206,2.91446638255294
-25.7704957581022,29.8896287695658,2.8016267916516,2.84396537316336
-25.1737556986189,29.8085624535753,2.78800364245842,2.794793674499
-24.5727492981531,29.7689373732047,2.7846991997478,2.78593865322494
-23.9703833034578,29.7600136459327,2.7998822542832,2.80567112991006
-23.3680185081813,29.7599566679995,2.81938086956893,2.83066722131603
-22.7655934153293,29.7630043060901,2.8426387380619,2.85368216323876
-22.1632817660267,29.7731387335446,2.86536069875515,2.87046962531066
-21.5613359681092,29.7972057179401,2.88043569521543,2.88541850316706
-20.9597836632194,29.8297005922752,2.89313208550533,2.89765832454718
-20.3586045290315,29.8685047951171,2.90539967884712,2.90969296353582
-19.7578497533465,29.913476977714,2.92121704351783,2.92598858263193
-19.1576482832902,29.964690456622,2.94055955979459,2.95120875133331
-18.5574507425479,30.0155862384063,2.96600398420872,2.98136215725279
-17.9568491031007,30.0614402075681,2.99829082086493,3.01513065841408
-17.356249425085,30.1027754418328,3.03010624531011,3.06752452759905
-16.754596411499,30.12202697159,3.07574295926745,3.12858522531627
-16.1531954707404,30.093941472541,3.15023644083192,3.17083862490781
-15.5551645551186,30.0224818784887,3.189336240543,3.19326411564045
-14.961273495381,29.9216542098113,3.20334551824152,3.20574721164269
-14.3704252897634,29.8041304251946,3.21134373792577,3.21884677277286
-13.7937450590138,29.6331512578911,3.22599711636462,3.23049128202873
-13.2504873022305,29.3734758356483,3.19522142934994,3.20750674912044
-12.7327976807432,29.065565053471,3.17799088124722,3.18168869421676
-12.233739100499,28.7283991859478,3.15719549781044,3.1652113210272
-11.7581972395398,28.3587904948478,3.11754056202223,3.13848899768355
-11.2979455346913,27.9702326690336,3.06239256102957,3.09999613672482
-10.8529641629554,27.5648859321977,2.99812351204308,3.04521534416005
-10.4279508101432,27.138609627537,2.93428385448416,2.98589096499518
-10.0301406584923,26.6868533861854,2.88288264649704,2.92392309006428
-9.65775452315242,26.213806762029,2.84359239068868,2.87060545870503
-9.31593606366796,25.7178986490543,2.82427375791231,2.83119971530037
-8.99928080130222,25.2054289507432,2.82077757790737,2.82124370413239
-8.69430199616687,24.6859785465864,2.83359026951789,2.84032220076332
-8.40223198356456,24.1593678896117,2.85674320519654,2.88416929759226
-8.14810992153526,23.6135922604416,2.90354469984297,2.93143124132278
-7.94668999031325,23.046505433436,2.95888473868523,2.97128910433948
-7.81454382359971,22.4590500024049,2.98692165906774,2.99595912748818
-7.7358157743104,21.8620879381285,3.01689452968761,3.02499900170581
-7.69963076480179,21.2610169095061,3.04578488249175,3.05078997557459
-7.70948397669573,20.6588409802783,3.06109660644237,3.06140907638024
-7.76664491309439,20.0592421956271,3.05405247801328,3.05579227312567
-7.86159074140192,19.4644177514615,3.0385365021149,3.04231675983035
-7.98929796429156,18.875779256662,3.02501983404139,3.02715879739463
-8.14365337457547,18.2935298596448,3.01731936598428,3.01725312682595
-8.3193655522095,17.7173176998199,3.01811947492533,3.01808032381757
-8.52200202539708,17.1500953485934,3.01726621090353,3.01805255304983
-8.75718678400915,16.5955344424389,3.00148335664698,3.00579462931538
-9.01841055753151,16.0528162643089,2.97879892803111,2.98451672802006
-9.30615370793169,15.5236650907328,2.96240401717737,2.9655738155402
-9.61418732964896,15.0059793238231,2.95269114729342,2.95310590341003
-9.93679903350553,14.4972546575913,2.94408123046499,2.94441111474777
-10.2690092495075,13.9947046363831,2.92919216554652,2.93389984540738
-10.6079748619952,13.4967299887105,2.90793735204529,2.91551667395135
-10.9556631606411,13.0048121969604,2.88598038708019,2.89297453605124
-11.3112238831381,12.518546522516,2.86302990267039,2.87202089426538
-11.6731743476672,12.0370236863316,2.84191964012924,2.84870189254815
-12.0401216316263,11.5592970164731,2.82074741974479,2.82739396771733
-12.4107482682075,11.084415534635,2.80193867843803,2.8063734195394
-12.7845282290582,10.6120051097171,2.78619442361345,2.78760672819336
-13.1608754555387,10.1416161495349,2.77312066213814,2.77391652956
-13.5393308807721,9.67290363767111,2.7652938497714,2.76513738875058
-13.9198079648844,9.20582564259913,2.76413039416715,2.76492544045123
-14.3025910711345,8.74067968741484,2.77155498109493,2.77967582612686
-14.6917470986588,8.28086686758015,2.79438551800674,2.80693403704735
-15.0801931720503,7.82056783241489,2.82497667717289,2.84511837269083
-15.4759316558763,7.36634556742092,2.8615342121772,2.86593494506526
-15.8580192295029,6.90067675099605,2.87004883745233,2.86977559734267
-16.2187581118427,6.41822958691206,2.8646861243452,2.86494700423692
-16.5591802331269,5.92124638185206,2.86194715376816,2.86098077943039
-16.8737546877974,5.4075785825435,2.86615810458586,2.86938082004516
-17.1501532687247,4.87269072425752,2.87433542973872,2.91212376217925
-17.4037810002982,4.32678675421455,2.90140420779808,2.98986263158655
-17.641086378112,3.77162868738625,2.94648968084284,3.07232351611162
-17.8601440106766,3.20802539320897,3.00787856230196,3.05336244963929
-17.9970098645424,2.62481674238504,3.02204323155186,3.02419339677715
-18.0725463026314,2.0272035143208,3.01269115174976,3.0150478145066
-18.0994921199161,1.42546018721178,2.9928137360517,3.00160590368218
-18.0933687943102,0.823174314056889,2.97772635185278,2.98149932137572
-18.0542234363947,0.222054847960431,2.96946794463261,2.96950716285494
-17.9754135015086,-0.375032411700585,2.96749737966155,2.97235422123267
-17.8343628732833,-0.960349329902662,2.96779977624892,2.96688929710118
-17.6250686427054,-1.52430680407548,2.96699475429645,2.97751443907803
-17.3368851529518,-2.05382325164277,2.94446603760352,3.02031463419861
-17.0089813701703,-2.55972051189943,2.92570860162751,2.96784189845455
-16.6393003254639,-3.03571005326941,2.89047655658088,2.92007689488356
-16.257374669082,-3.50159670023446,2.86174698539667,2.87953666558097
-15.8560927644262,-3.950736836024,2.85197032558928,2.85456645432796
-15.4216768155335,-4.36790715468777,2.85280915367783,2.85365568701185
-14.9466504073962,-4.73800985476529,2.85798147389938,2.87571208636139
-14.4370401370196,-5.0585295572711,2.88087135657287,2.8917423875801
-13.8964889161058,-5.32431762039438,2.90401733022951,2.9172192627409
-13.3349146195003,-5.54220644986074,2.9248349710123,2.94386250266822
-12.7552489569465,-5.70399470479308,2.94413697042364,2.95653560572022
-12.1590819701416,-5.78916541670944,2.94825838033106,3.02447306955184
-11.5591193973895,-5.84594414045762,2.9901693943516,3.09032682553654
-10.9554233609358,-5.85850585050224,3.04041415529698,3.10168934462928
-10.3572264251131,-5.80449164443289,3.0686348503258,3.06874555643463
-9.76823678605717,-5.67824080606188,3.06147779987457,3.06238774489847
-9.18542523148715,-5.5258959868053,3.06131518086173,3.06101407680605
-8.60944841527784,-5.34958157143788,3.06482090775926,3.06481128179529
-8.04572260283738,-5.13730212435457,3.05898139148272,3.05921745820227
-7.49297794316182,-4.897823700237,3.04846774230132,3.05021086993079
-6.94947405619421,-4.63798242500936,3.04006555525551,3.04062308492123
-6.41368983035892,-4.36259330232813,3.0355979901381,3.03550436899622
-5.88471132143917,-4.07433292221331,3.03775890923372,3.03725931297674
-5.36403505605802,-3.77136116261691,3.0400710960587,3.04121293128291
-4.8517428293328,-3.45440416789503,3.04400207808917,3.04389530394002
-4.34773960633843,-3.12441967742126,3.04722505597505,3.047457921813
-3.85092187395205,-2.78371348418245,3.05071511845318,3.0508126761796
-3.36134477259959,-2.43267327100184,3.05429521049288,3.05473570293191
-2.87813671962588,-2.07291336927401,3.05805769630387,3.05842359809285
-2.40046466774992,-1.70583626262904,3.06150204495026,3.06121885373739
-1.9282485734603,-1.33176113128351,3.06358333249882,3.06373174845161
-1.46108235024728,-0.951402460626143,3.06423861887417,3.07314385912894
