0,-0,8.36447343352613,8.39637709474446
-0.0700949331298695,0.336963158744267,8.30523194770934,8.48379006638815
-0.0627358121879792,0.685537944649781,8.33812029420702,8.48912070410407
-0.102184220102441,1.03030317364094,8.32489199908822,8.53164787964798
-0.149030515323105,1.3742571846319,8.31697230107924,8.58170903557282
-0.188912079693978,1.71917916409064,8.3305614190014,8.62468293641425
-0.235093537796644,2.06325514130286,8.35223010475985,8.67406504546518
-0.278087693865146,2.40773766157895,8.39140852261355,8.72043513454264
-0.318334514334027,2.75256398922387,8.44629624500984,8.76389217133257
-0.357600713914921,3.09750408907041,8.50340013011346,8.80656191684737
-0.396113355775591,3.44252942293854,8.5586343469968,8.84857204862743
-0.433253096301846,3.78770656325422,8.61325693764555,8.88914114069418
-0.469278903866847,4.13300940859471,8.66683178126647,8.9287720583497
-0.506277143164161,4.47820745883535,8.71681504177041,8.96951111133597
-0.542165985994746,4.82352578715081,8.76578765804575,9.0090553964633
-0.570995207912212,5.16955132130847,8.81944202889724,9.04169676559735
-0.604990154620037,5.51507683883948,8.86513687685303,9.07962448889422
-0.635562211025447,5.8609131045835,8.91180808316868,9.11424722976406
-0.663220281095641,6.20703395624971,8.95881742563752,9.14607195946024
-0.687961483993308,6.55337030210723,9.00600776461312,9.1751117380979
-0.713467339566559,6.89964279426238,9.04949525530485,9.2050846994004
-0.738186971672009,7.24596370157001,9.09066330890811,9.23451115623637
-0.761327340541506,7.59240191030776,9.13030219522582,9.26242309713046
-0.781790412008772,7.93902623139513,9.16933931413608,9.28801695512215
-0.800317299497604,8.2857557132808,9.206733641397,9.31195333872268
-0.816487393379808,8.63261653127262,9.24266322573619,9.33384832007892
-0.831109777334233,8.97954594267617,9.27623218012423,9.35469260272425
-0.843961680047793,9.32654530308032,9.30744818639292,9.37441269456798
-0.853494605977383,9.67364696801944,9.33700068686907,9.3917424520709
-0.861081509387067,10.020796891026,9.27362611150493,9.40857219491619
-0.866502845626779,10.3679902459818,8.92909770324958,9.42589009661512
-0.867891426659867,10.7152214422117,8.58501078419698,9.44441253050569
-0.862965901134204,11.0624134030069,8.24178080547849,9.46551512743436
-0.847023601854422,11.4092642896036,7.9002734480854,9.48687821305288
-0.816254115953591,11.7551042166138,7.56143868334368,9.50552474862226
-0.767437134598213,12.0988456953251,7.22688578384541,9.51839028744814
-0.696269562519813,12.4386364783464,6.89873051774462,9.52106265786713
-0.597283760571009,12.7713362779288,6.58058615630393,9.50764252038889
-0.463651237594781,13.091599080276,6.27808633930277,9.47001293112197
-0.286549073831846,13.3898509536086,6.00140400845402,9.39661590050036
-0.0583914060686584,13.6508125424506,5.76530595790236,9.27435238418589
0.219693687619264,13.8578579575978,5.58573786191995,9.09631382977491
0.524831381869835,14.0232344363081,5.44728766837489,8.88597003723557
0.843260520259926,14.1615240762563,5.33428605677388,8.66026243150956
1.17007687363719,14.2787249462084,5.23961775427462,8.42530196284725
1.50216174918696,14.3800955907159,5.15787393739579,8.18577601997841
1.83790871893196,14.4686169495406,5.08630530277831,7.94426956858582
2.17632573898097,14.5463312322683,5.02279682973242,7.70259408061658
2.5167592567694,14.6146873508724,4.9650327222565,7.46213594445599
2.85875652957742,14.6747434766852,4.91256691719408,7.22404190657823
3.20198988960283,14.7272848874804,4.86469745138392,6.98932364319349
3.54621313355285,14.7729003855166,4.82076592168938,6.75892276963965
3.89123451677683,14.8120291882805,4.7793802135242,6.53375129558118
4.23689959142976,14.8449950665139,4.74099724261816,6.31472040150709
4.58307947828044,14.8720276869355,4.70528220288932,6.10275888621133
4.92966257721643,14.8932771367516,4.67193717580721,5.89882492734165
5.2765483485155,14.9088234170681,4.64069706292349,5.70391189092292
5.62364253580104,14.9186682280868,4.61094276178433,5.51903628508892
5.9708457637946,14.9231244383123,4.58272573289199,5.34551524265216
6.31807524429571,14.9214255370966,4.5565950611676,5.18388635403454
6.66522269118425,14.9136988785003,4.53219331679439,5.03547988124383
7.01217374006489,14.8997091277144,4.50951429893973,4.90132138667997
7.35879551536032,14.8791260688141,4.48864091046369,4.78233656363737
7.70492815424225,14.8515227135517,4.46922197597267,4.6793068321599
8.05037304530349,14.8163539606934,4.45170665045093,4.59280293166207
8.39487579914009,14.7729276089962,4.43670513988659,4.52311017455845
8.73810059748613,14.7203638579449,4.42352512829565,4.47014593757257
9.07959126620144,14.6575280087222,4.41334944732371,4.43335838977425
9.41870639528089,14.5829530000826,4.40626675890532,4.41162541527425
9.75451297222257,14.4946981002488,4.40292219132743,4.40309741423156
10.0855961656701,14.390155867648,4.39275544975387,4.4049817346492
10.4097099728791,14.2657413829634,4.05781040892947,4.41316478311529
10.7230889636449,14.1164480526373,3.73010531323445,4.42155023242007
11.0190560883949,13.9352592199248,3.41499986660152,4.42083423166707
11.2851195536388,13.7128245071231,3.12281317326566,4.3963698378952
11.4561578141365,13.41380009494,2.91279980316293,4.27846196709748
11.5282391757377,13.0747464940551,2.79237045533002,4.0862258159984
11.5478817376302,12.7282381731709,2.71773342401775,3.87012472549439
11.5374310279806,12.381221876488,2.67026839666366,3.64937348515138
11.5078470594954,12.0352746292518,2.64016300446772,3.43368557203943
11.4653740671516,11.6906578099687,2.6202379932832,3.22996632549747
11.4146258289302,11.347157150451,2.60680688407038,3.044825113623
11.3570610745956,11.0047268863697,2.59969930003126,2.88325279686935
11.2974364780318,10.6626528147398,2.59444567961862,2.75355418692723
11.2436097598166,10.3196652020837,2.58345044800967,2.66487932361214
11.2080972439636,9.97427329908375,2.55322316970841,2.61532410424237
11.176622285211,9.62846876758718,2.5194252379028,2.57500753976756
11.1464308856933,9.28254726387426,2.48573081479187,2.53761777221462
11.1161490718336,8.93664522165081,2.45406380746095,2.50107973621542
11.0873091899562,8.5906184878021,2.42352830214716,2.46641140211703
11.060299172544,8.24445682711429,2.39257319643554,2.43397299248082
11.0339527777145,7.89822611447666,2.36454829402774,2.40245753936811
11.006948275241,7.552081056726,2.34228474536279,2.37064152991488
10.9855741619736,7.20550719506827,2.31913172115093,2.34415269876639
10.9636804517764,6.85899093641163,2.3028336615654,2.31772825114957
10.9492766309275,6.51205219708242,2.28822545976889,2.29822453885328
10.9383853372763,6.16500153720225,2.27879712710356,2.28244804408295
10.9356195165432,5.81777913629569,2.27527813030405,2.27490149864109
10.9429983331665,5.47063439144171,2.27594707181255,2.27752630692326
10.9669893068378,5.12419313018988,2.2800128121631,2.29659870435228
11.0314140758857,4.78330737106324,2.26680305172926,2.35588441923569
11.1747793608722,4.4942998823756,2.19053277380672,2.49472723077224
11.3585632498468,4.21652419426842,2.09888128385835,2.67442601646078
11.5725272990292,3.94671884235503,2.00863460932792,2.88384241556956
11.8115242410288,3.68555433100247,1.93178938974278,3.1185667143556
12.0704068084547,3.43370116457783,1.87931739576917,3.37329003369156
12.3440277339162,3.19182984744818,1.86149798125604,3.16139399463664
12.6272397500226,2.96061088398059,1.88573729098774,2.93160215535695
12.9148955893831,2.74071477854213,1.95169045568478,2.71311888335692
13.201847984607,2.53281203549988,2.05613918504449,2.5065166494276
13.4849653815087,2.33857310869445,2.19010504440124,2.31343487852108
13.8209812186023,2.2631269124869,2.23752420825347,2.2394588033284
14.1681665376838,2.26450935279136,2.23989549966736,2.2421509962732
14.5151267750523,2.27809543208163,2.24676408150982,2.25713123669313
14.8615936971395,2.30108426030532,2.2585094640148,2.28124912530305
15.2074203480905,2.33228009979098,2.27496458135477,2.31364034558939
15.5529213860605,2.36647361410295,2.30009579641455,2.34899725335324
15.8973443452857,2.41056223218198,2.32532069720345,2.39418550446751
16.2412945596504,2.45798211289425,2.35667617975465,2.44268184515055
16.58464395452,2.50921379573742,2.39285239197619,2.49505340294369
16.9269047294184,2.56775167360363,2.42934034992844,2.55460647854879
17.2693813020692,2.62414150185388,2.47442150317197,2.61183942550958
17.6103905331936,2.68951114221056,2.5173270641132,2.6784099837063
17.9517329843042,2.75227823865404,2.5676356697309,2.74182959019892
18.2925181688943,2.81816921801304,2.62059007451917,2.80877888424229
18.6319141532792,2.89126262734321,2.6703819809873,2.88263188287687
18.9721205893389,2.95979049410163,2.72914245950506,2.95194453483158
19.3102356729603,3.03881433142009,2.78154155551069,3.03189169364369
19.6495702749257,3.11137108197918,2.84352637606803,3.10535863929829
19.9886360960993,3.185247241634,2.90730460206432,3.17988074131445
20.3252910961722,3.27032058015935,2.96291552355352,3.26566630646374
20.6638801063368,3.34618949371789,3.0305082062813,3.3422679885155
21.002228849568,3.42315633559554,3.09948096713791,3.4199743287786
21.3376621370837,3.51301354753273,3.15780146084712,3.51055154850875
21.6754431188674,3.59230437321409,3.22874958216715,3.59055526129624
22.0130913355457,3.67219835198369,3.3009790714507,3.67114555926909
22.3475837563136,3.76552320849516,3.36149617278545,3.76514436879253
22.684811605644,3.84707940150008,3.43540661245598,3.8473768258416
23.0217735613473,3.92972158669839,3.50973198358993,3.93069537660636
23.3566043099313,4.02127872167735,3.57653445792848,4.02294484398232
23.692337078809,4.10887295037111,3.64862331158021,4.11125498952759
24.0289940805172,4.19270576899349,3.725759089522,4.19580110735061
24.3655585735988,4.27691538890323,3.80311504290062,4.280523906312
24.7007335332373,4.36670447735757,3.8758146771395,4.3708495116068
25.0349156929999,4.46047403938816,3.94554533991993,4.46520604815885
25.3711979928622,4.54575942964798,4.02476647324597,4.55114087416158
25.7073690350981,4.63148270486683,4.10409097346532,4.63757468311842
26.042643688834,4.7207400402072,4.18016652028234,4.72735434450147
26.3761984056497,4.81689152249875,4.25015900697995,4.82399566263866
26.7122368806547,4.90311669651232,4.33088995492774,4.9108062717649
27.0482556459293,4.98942443346153,4.41126546248775,4.9977789971254
27.3842337928711,5.07588781184617,4.4920928134008,5.08482949791499
27.718800576082,5.16791239997184,4.56800083604812,5.17730695681395
28.0526714016707,5.26272034990139,4.64074570243503,5.27266853418277
28.3886338903604,5.3492498076448,4.72215566741389,5.35984643446576
28.7246491397054,5.43558303530064,4.80430361706014,5.44673495280553
29.0607329993517,5.52165887801585,4.88598243767369,5.53326803446951
29.3967897172915,5.60783311300863,4.96799893870717,5.61998587342435
29.7326315079112,5.69483991456361,5.04921764778697,5.70761840974404
30.0684114434065,5.78213237762529,5.12962767931041,5.79547318147303
30.402010111242,5.87824281021406,5.20150188659316,5.89202409346528
30.7382100366614,5.96390125913163,5.28334456765021,5.97821733969069
31.0745664546286,6.04896268643976,5.36548964885573,6.0638793611385
31.4110501057866,6.13353496770457,5.44826217512636,6.14906116326129
31.7476332826638,6.21772175298355,5.53034569329497,6.23369066712627
32.0842916671362,6.30161575752265,5.61272164849973,6.31808424089231
32.4210388527399,6.38516351252627,5.69500982250032,6.40217871880538
32.7579301442938,6.46814534695245,5.77702631796433,6.48574446806111
33.0949476731015,6.55062636827784,5.85936824734891,6.56883666486792
33.431985552753,6.63301705674593,5.94088177194442,6.65173585175394
33.7691348410108,6.71500481273516,6.02211604259596,6.73421818981567
34.1065587962347,6.7958802603739,6.10406436014713,6.8156144858043
34.4441068324661,6.87625340428715,6.1852938275555,6.89652668604093
34.7817445883193,6.95628902821596,6.26613122667668,6.97711354148463
35.1195998648416,7.03543222752148,6.34721998130247,7.05681556411282
35.4589151242831,7.10811304584597,6.43343475312244,7.13006010394959
35.7969734606177,7.18651031411607,6.51296685303183,7.20902265082719
36.1368524446609,7.25662730614143,6.59984189276564,7.27970966905562
36.4754318910732,7.33264263377519,6.67968153868406,7.35629978894791
36.8142475159313,7.407682467123,6.75895772920684,7.4319252011862
37.1533027362003,7.48170762754322,6.8380761482609,7.50655423455142
37.4941034842932,7.54738904417882,6.92420300423478,7.57287690058524
37.8340361266229,7.61728362404462,7.00474649725755,7.64339441632654
38.1737410868518,7.68834324909263,7.08243606752151,7.71500470580939
38.5147552342958,7.75289080543812,7.16483968192296,7.780161591349
38.8558597150347,7.81698620283877,7.24600509432279,7.84495326002084
39.1969020416558,7.88136421367103,7.32507123326057,7.90993033383032
39.5387526900492,7.94150213315791,7.40640306293052,7.97072357575553
39.8801644511638,8.00397936997116,7.48334650218166,8.03388975172454
40.2225734764753,8.0609625015844,7.56354152697923,8.09154227829175
40.5645320698759,8.12036289252265,7.63901240283639,8.15163268402035
40.907626592006,8.17337737990652,7.71837358113436,8.20543130597948
41.250818511653,8.22561849619659,7.79586551437508,8.25835748357701
41.5944091650468,8.2750916453789,7.87303025492666,8.30856825182748
41.9376464506705,8.32692374047067,7.9449539604086,8.36117461032937
42.2817882970496,8.37272572907664,8.01981150733049,8.40778027024662
42.626205623662,8.41646732740037,8.09286445744956,8.4523586198406
42.9709015665615,8.45801364317989,8.16466454562398,8.49479761566995
43.3158744318845,8.49724154984399,8.23441515411732,8.53488934934223
43.6611141085954,8.53411638308489,8.30216625839764,8.57269477972706
44.0069178487474,8.56565035753263,8.37040098855365,8.6051837702111
44.352575172023,8.5983956448952,8.43212184034077,8.63895475832189
44.6985573186238,8.62789732848281,8.49123052044607,8.66951997406929
45.044594737987,8.65674322179327,8.54429687147009,8.69947892381336
45.3908576793719,8.68259223098702,8.59296612694755,8.72655323778119
45.7371444822807,8.70812457642573,8.6338383682131,8.75333177520554
46.0834682620295,8.7331634355634,8.67033122040642,8.77974365349987
46.4299504255482,8.75593905677894,8.70551304234696,8.80399113189435
46.7764508683101,8.77843977104842,8.73779472812122,8.8281164261092
47.1230649506904,8.79924526693514,8.76835821397815,8.85075063475349
47.4697972395987,8.81791757622568,8.79830790794602,8.87146355838274
47.8165445321971,8.83632073329952,8.82525455986965,8.89229594099946
48.1633788738926,8.85301735976611,8.85121241838932,8.91199666392905
48.5102412311472,8.86916273731552,8.87493833993358,8.93231732139809
48.8569752596969,8.8877917533335,8.89307932449966,8.95839295142146
49.2035132505258,8.90981047891391,8.90507835243654,8.99656605006863
49.5502203254281,8.92896909448257,8.91714556712347,9.04415844273838
49.8971718970153,8.94295648415831,8.93122235570087,9.09945281099853
50.2443048167029,8.95131130145088,8.9478651840556,9.1619815433548
50.5915338910218,8.95292467978915,8.96822631179398,9.23052999994004
50.9387186883004,8.94729294838742,8.99235317661677,9.30449097544719
51.2856545834441,8.93307841964736,9.0215790760564,9.38240168046174
51.632050139818,8.9091072445608,9.05688120534932,9.46295153754473
51.9774120162137,8.87326085847684,9.10001811092822,9.54395776812582
52.320917740944,8.82271047024395,9.15346132997752,9.62250179281198
52.6610721741529,8.75322293758951,9.1813643649496,9.69420389385098
52.9949028793396,8.65809109826041,8.88267564040803,9.75194011865035
53.3156739193493,8.52588776476134,8.6035631888727,9.78280137322946
53.6068919804849,8.33775657688219,8.36388692249773,9.7626372516692
53.8619208543353,8.1025652852238,8.16636314380734,9.69562016228053
54.0839950814578,7.8358698863343,8.0038389485214,9.59597474562938
54.278089902442,7.54807890525028,7.86879514988501,9.47435841706749
54.4488790488696,7.24582639419053,7.75523802645537,9.33821994468835
54.600184779975,6.93333905569557,7.65868912993094,9.19273731068079
54.7350187215083,6.61338294318046,7.57578140126449,9.04161528345451
54.8557315898681,6.28782721181796,7.50389347188298,8.88760272929288
54.9641690496848,5.95797358527248,7.44106584063891,8.73282130423135
55.0617939455391,5.62475519924416,7.3859298766223,8.5789731258375
55.149774810061,5.28885927020734,7.33738404014926,8.42747150614399
55.2290594848583,4.95080278829975,7.29457300152316,8.27953088999294
55.3004197943313,4.61098379687532,7.25681087677868,8.13622092603959
55.3644908661286,4.26971432391096,7.22286002428704,7.99850589578994
55.4217983956657,3.92724337847116,7.19294498250795,7.86726960911665
55.4727793633096,3.58377302222523,7.16673993383931,7.74333136924653
55.5177981004198,3.23946984932578,7.14326156225481,7.62745564904156
55.557156418946,2.89447348558418,7.12272193386834,7.52035488912741
55.5911052687363,2.54890266364432,7.10518892683127,7.42269226930288
55.6198534096545,2.20285997226229,7.08947923096369,7.33508116032089
55.643566090591,1.85643576415407,7.07644377014941,7.25807457200793
55.6623792174782,1.50971073002696,7.06562002808031,7.19216878483158
55.6763933260568,1.1627585405984,7.05662039760449,7.13778815320025
55.6856833750074,0.815647632958611,7.05011679709977,7.09528548888696
55.6902951957366,0.468443032200368,7.04505578660918,7.06493058691627
55.6902465268368,0.121207794046315,7.04226726002834,7.04690454187619
55.6855386738872,-0.22599547337122,7.04148107302372,7.04130659308571
55.6761340594998,-0.573103288790272,7.04238583476577,7.04812895593223
55.6619793873132,-0.920049731612705,7.04573485524485,7.06727951256728
55.6429878198742,-1.26676494724341,7.0507388861937,7.09856587338303
55.6190444024234,-1.61317331370425,7.05804288756123,7.14170488386921
55.5900031432922,-1.95919127466581,7.06796033400587,7.19632570749527
55.5556779859851,-2.30472498556384,7.07970497482022,7.26196872447341
55.5158253093588,-2.64966423610033,7.09431734083492,7.33807588998672
55.4702034448163,-2.99388779938856,7.11195646667317,7.42405060266537
55.4184863402979,-3.33724784022897,7.13238784985764,7.51921527638762
55.3602671506149,-3.67956470288306,7.15616002634337,7.62278970353262
55.2950719076638,-4.02062078311132,7.18386662420631,7.73392572959908
55.2223285062561,-4.36014581276631,7.21594294753577,7.85168493713912
55.141343108213,-4.69779822088531,7.25295016803676,7.97502167210668
55.0512694752507,-5.03313797409235,7.29561339752531,8.10275583372257
54.9510627365098,-5.36558743372164,7.34487809701922,8.23352685429106
54.8394259267592,-5.69436972633239,7.40197884986598,8.3657294514413
54.7147254324064,-6.01841538351588,7.46854678077455,8.49740633995266
54.574885904058,-6.33620930807249,7.54675195269136,8.62608737453631
54.4172457520808,-6.64553958827667,7.63951022961561,8.74853117453555
54.2383885063815,-6.94306984647531,7.75076208363305,8.86031557510822
54.0340048371068,-7.22360967937359,7.88533472829081,8.95519590812606
53.7990121663595,-7.47892271971379,8.05057045256073,9.02419069651298
53.5286146001649,-7.69610413739379,8.25474718157366,9.05468527225059
53.2216538981002,-7.85701751240278,8.43378493565651,9.03127058727611
52.8917466825492,-7.96471565106316,8.33163545288648,8.96338296504942
52.5530500656501,-8.04088638869978,8.25638909776682,8.87632723546427
52.2101523276539,-8.09535664781604,8.1989659946962,8.78057281584956
51.8650857542182,-8.13391063827192,8.15348576619962,8.68202714401432
51.5188367855678,-8.15990236536602,8.11728853624468,8.58414451161049
51.1719729541079,-8.17579854110365,8.08765906843093,8.48950839766846
50.8248224072208,-8.18325571319925,8.06343065272776,8.39993236784041
50.4775895723143,-8.18362334530719,8.04347314438533,8.31694420219358
50.130409871903,-8.17750873166564,8.02728664902239,8.24134567731692
49.7833699149488,-8.16589062702241,8.01392069052238,8.17433555136571
49.4365362472694,-8.14920131072184,8.00289078217989,8.11651032342242
49.0899090649071,-8.12864691920634,7.99327262920252,8.06904272254431
48.743324541781,-8.10741283790679,7.98192722042551,8.03392085591808
48.3964597875607,-8.09131338322391,7.96307708648299,8.01134242332703
48.0495631229204,-8.07594378006639,7.94116370183527,7.99179677232551
47.7027008541852,-8.05988901933344,7.91745164822913,7.9724713304184
47.3558727541014,-8.04307308088719,7.89195147608591,7.95286299591893
47.0091611623463,-8.02395442215631,7.86642179977164,7.93127202218877
46.6624562988442,-8.00472523259675,7.83853596996808,7.90981464004492
46.3158498998169,-7.98391285253982,7.80939116018173,7.8869087821402
45.9692450631125,-7.96306421933083,7.77769165548321,7.86409999781563
45.6227710097982,-7.94016942421353,7.74454325479379,7.83935962965553
45.2763190462792,-7.9169558799788,7.70578970807794,7.81439048082889
44.9300376180028,-7.89120011428083,7.66384664402569,7.78693836451645
44.5837902333261,-7.86499404474009,7.61710683431807,7.75909544313751
44.2376168874277,-7.83783877424293,7.56655138752777,7.73037272345722
43.8918499734755,-7.8061659748275,7.51621150431621,7.69721343154914
43.5460654290021,-7.77461828897488,7.46142765021566,7.66414754870057
43.2005874080237,-7.73986602115433,7.40627060045669,7.62798390591453
42.8554419220329,-7.70224839835221,7.35032069763381,7.58891775618706
42.510514139021,-7.66282127114048,7.29317287900233,7.54811337127125
42.1657490316953,-7.62196924347558,7.23407005887615,7.50591668789934
41.8211793595664,-7.57954936588683,7.17376637989317,7.46216614681385
41.4767458207286,-7.53597153262803,7.11201552632809,7.41727112389448
41.1324958112163,-7.49094236713647,7.04922171314292,7.37095494970464
40.788888975741,-7.44156554966603,6.9883916117141,7.32035724361915
40.4449039205651,-7.39480954026337,6.92269212852757,7.27232871159736
40.1017509929152,-7.34231588081334,6.86052623802368,7.21857216200981
39.7582079628558,-7.29238117965417,6.79382668623506,7.16747601930132
39.4149232905461,-7.24084583274758,6.72677774013462,7.11466436481976
39.0726444671853,-7.18309898194899,6.66410825931263,7.05575314961605
38.7295384067949,-7.13035252749343,6.59475018478367,7.0018238458066
38.3876167311863,-7.07060688417108,6.53078077737049,6.94085276629829
38.0449470829242,-7.01520684186931,6.46099675884991,6.88431374311664
37.7029738743829,-6.95583820320786,6.39379805005362,6.82386586049655
37.3611147440003,-6.89581044691542,6.32598770918383,6.76260710036804
37.018822408825,-6.83819766487182,6.25435188731912,6.70380613075253
36.677764573188,-6.77379552988042,6.1880885162783,6.6382518248798
36.3368736974794,-6.70856099590534,6.12163062080325,6.57188196176294
35.9949457344743,-6.6489252864882,6.04867584780968,6.51111739008934
35.654424972749,-6.58173897959897,5.98214052525585,6.44280691513868
35.3130637471757,-6.51909242823599,5.90984232397979,6.37903411161285
34.9727108287388,-6.45119329947921,5.84209519383878,6.31000673564911
34.6323707957696,-6.38325697919795,5.77378131698454,6.24094019433966
34.292258164134,-6.31423941823081,5.70520274474829,6.17079328184106
33.9510521196199,-6.25074036136471,5.63057118286499,6.106166028205
33.6113241191421,-6.17973846892941,5.56303094525155,6.03404912591836
33.2701831879715,-6.11591116423273,5.48722358757037,5.96911462103892
32.9304957029804,-6.04485231967955,5.41816857908729,5.89697805404644
32.5909757455866,-5.97294452290145,5.34975147190875,5.82402483245724
32.2508396676459,-5.90411036734151,5.2772425328845,5.75403959457522
31.9112134435707,-5.83280084179777,5.20693161543846,5.6815366644355
31.5717029649125,-5.76096076830139,5.13712301010318,5.60853627719935
31.2323350204802,-5.68846398748476,5.06695170821836,5.53492193018601
30.8928458399587,-5.61654956739109,4.99618419746668,5.461939992247
30.5534212338555,-5.54433178553412,4.92580342506608,5.38868654857172
30.2140515247591,-5.47186563581494,4.85472818178411,5.31496978202839
29.8747612262302,-5.39904270185496,4.78422510420601,5.24095214972394
29.5355731776519,-5.32576294804152,4.71432316604682,5.16654121302883
29.1965052968192,-5.25193165047141,4.64423490211483,5.09164921115636
28.8575409637472,-5.17759745831985,4.57498911045517,5.01619443806952
28.5186419588892,-5.10294698519195,4.50639042567627,4.94027752402502
28.1811303219871,-5.02174163210284,4.44369267816918,4.85788304777034
27.841944652846,-4.94846648106919,4.37350709169823,4.78349014941653
27.5027248335353,-4.875345604412,4.30366501300099,4.70932295572313
27.1634846327846,-4.80231828531396,4.23346539690688,4.63500810711372
26.8242122764085,-4.72943824562519,4.16342738469392,4.56085746789243
26.4849333204743,-4.65659710739643,4.09396432074464,4.48680845669331
26.1457528521597,-4.58331503099631,4.02549158124305,4.41237806281942
25.808306726675,-4.50164541764406,3.96525859419321,4.32963763384819
25.4690652574653,-4.42859807725117,3.89712137126392,4.25525832988828
25.1298362277732,-4.35549349271924,3.82981589861359,4.18083533787533
24.7903618849428,-4.28354442239386,3.76216258498796,4.10760719668336
24.4508303658166,-4.21187404176959,3.69476652744717,4.03468732249692
24.1112460754724,-4.14044937877466,3.62769100666488,3.96203275158276
23.7731132146856,-4.06179002269599,3.56885728828924,3.88217089419802
23.4338567126942,-3.98867077544213,3.50553331307312,3.80783877887129
23.0938882707061,-3.91902186511941,3.43985537946571,3.73686259387041
22.7538037336379,-3.84994369799958,3.37480246633879,3.666410808927
22.4142103939271,-3.77841833777109,3.31347967453275,3.59351418830425
22.0752356465225,-3.70347283914787,3.25693906127452,3.51719646128442
21.7349553225446,-3.63527191807846,3.1951588927926,3.44762837059054
21.3943465059366,-3.56873201519042,3.13334147248361,3.37972494388525
21.0539387614352,-3.50113845970853,3.07436015950452,3.31077620714146
20.7140292989036,-3.43059485126087,3.02028239813637,3.23882350568388
20.3731718635655,-3.3651683017599,2.9632626042762,3.17183513277974
20.0318350908981,-3.30237241733449,2.9060189043244,3.10747192710192
19.6910002186663,-3.23660055653466,2.85444688707397,3.04017141849382
19.3498488593851,-3.17238122569038,2.80341601894008,2.97450054746749
19.0077701318174,-3.1136130716869,2.75013560716836,2.91433382634266
18.6654229621286,-3.05645438124537,2.69886918059759,2.85538708201799
18.3238819580355,-2.99383696672947,2.65618414830055,2.79121376738754
17.9809455139805,-2.94007678626003,2.60871742991641,2.73585824710131
17.637640628854,-2.88879285987787,2.56310453612866,2.68282065259472
17.2948924205097,-2.8331257197334,2.52650214506032,2.62550229627788
16.9508951576166,-2.78650186612735,2.48596914011622,2.57716021109985
16.6071713467825,-2.73719893635957,2.45423656764363,2.52595171050028
16.2623456021993,-2.6968699852429,2.41928612952396,2.48383473644041
15.9175079623048,-2.6563124177941,2.39174100711677,2.4414861355676
15.571952312628,-2.62249613222091,2.36535990269737,2.4057785245635
15.2261349115559,-2.5913319148846,2.34502513492149,2.37259049501164
14.8797450691046,-2.56726971524878,2.32721346302622,2.34638535926953
14.5330715596125,-2.54759016150289,2.31572258057737,2.32453601252137
14.1860468412217,-2.53566332768552,2.30839292963779,2.3105735550953
13.8388289372382,-2.5330534103413,2.30518572887265,2.30554464143355
13.5045735068111,-2.60572985176181,2.25559977680235,2.37609712863297
13.2149626885875,-2.78867702281228,2.12879442435403,2.55693429179126
12.9224954376709,-2.99356180682886,2.02294787868987,2.75971081803373
12.6291375216167,-3.21378614516548,1.95316325991143,2.9776785365988
12.3410744074436,-3.44793786891311,1.92507254658041,3.20949060667637
12.0644915621702,-3.69460480916263,1.93803566234427,3.34679653812444
11.8055744528151,-3.95237479700506,1.98416755000075,3.08937823844154
11.5705085463969,-4.21983566353131,2.05529884564983,2.85596734232959
11.3654793099344,-4.49557523983235,2.13545502373133,2.6525887412985
11.196672210446,-4.77818135699909,2.21427733889553,2.48519108143678
11.0730550541429,-5.07137870038284,2.27438451266988,2.36337696194624
11.014958367011,-5.41339388067289,2.2880407061083,2.30702711828841
10.9948685294545,-5.75998435325206,2.28782294743012,2.28871688310811
10.9945797178827,-6.10719106477045,2.28779397807085,2.29031404546451
11.0039314878099,-6.45429552769444,2.29509832772509,2.30171425638354
11.0222293310039,-6.8010364767024,2.30632406836332,2.32230489454314
11.0444416695168,-7.14754866986074,2.32307856169744,2.34667253848892
11.0713747495245,-7.49370870912411,2.34396281852535,2.37592567435274
11.0984025450635,-7.83989980646944,2.37113685958912,2.40590638395313
11.1321194117126,-8.18545414600081,2.39537595396164,2.44239918424524
11.1637196819724,-8.53124718063756,2.42607251857852,2.47739456413579
11.1954016438313,-8.87701066241488,2.45996016045259,2.51302446303007
11.2285304232447,-9.22264994958129,2.49480582764555,2.55092589325453
11.2620751508723,-9.56824530403386,2.53001476887775,2.59004435135771
11.2971179953128,-9.91368517205902,2.56399505441637,2.63227617272747
11.3285136245692,-10.2595000657794,2.60210049081589,2.67335408659885
11.3635426263685,-10.6049629782651,2.63651154309179,2.72349079271761
11.4075556775488,-10.949306646147,2.66136227087501,2.79654741568014
11.4598553702278,-11.2925591691088,2.67614544923793,2.90753579382938
11.5081531134232,-11.6363999634415,2.6917438006881,3.04884428027809
11.5423745341125,-11.9819043299117,2.71943020729862,3.20902584451696
11.554846085564,-12.328821290906,2.76486207434619,3.37884864857876
11.5280779350728,-12.6746959174091,2.84360708329412,3.54156787770206
11.4229296492807,-13.0039746435633,2.9922086633533,3.65854886864627
11.1881591190508,-13.256575552835,3.25468482650111,3.65760712002869
10.9028206783499,-13.4539560120902,3.53529305501324,3.61429444200351
10.5957467009963,-13.6157485385371,3.49551516403845,3.56234403053251
10.2755461858167,-13.749869071587,3.47033436236128,3.51319050824231
9.94699162013146,-13.8620802801246,3.45552043497202,3.47452461260538
9.6128805696567,-13.956532748927,3.44868898688841,3.45172494908926
9.27492498622885,-14.0361840734041,3.4474690614302,3.44834271131438
8.9342391856514,-14.1032345265064,3.45144272759722,3.46698031289886
8.59157772708814,-14.1593444853912,3.4591152376416,3.50901360726444
8.24746985654632,-14.2057886118659,3.47041087072763,3.5748824844704
7.90229980532761,-14.2435532157711,3.48447195335992,3.66423316738404
7.55635496484344,-14.2734118209887,3.50063438852908,3.77609080830742
7.20985682847532,-14.2959742375738,3.51913357180554,3.90903678404322
6.86298135633321,-14.3117199476855,3.53977946000604,4.06137658890879
6.5158728029931,-14.3210224948328,3.56248710164505,4.23128485928891
6.16865350586182,-14.324162298182,3.5866827807912,4.41691407618856
5.82143959726173,-14.3208191314617,3.61328648783673,4.61602716967593
5.47431232825223,-14.3122194344193,3.64138767091312,4.82779360795088
5.12737505843004,-14.2978695650928,3.6717226302751,5.05027713440197
4.78072205892546,-14.2777929886542,3.70448556897786,5.28208074338824
4.43445215415594,-14.2519386618308,3.73866288694528,5.52193157421007
4.08867328453334,-14.2201877974567,3.7756351186048,5.76867636792703
3.74350822860002,-14.182346102067,3.81581185888897,6.02126295176802
3.39910202822852,-14.1381314924329,3.85876550386083,6.27871793279093
3.05563225218526,-14.0871558127719,3.90510678906047,6.54012069880443
2.7133167202822,-14.0289314106258,3.95607149482765,6.80459521111217
2.37268448252231,-13.9615699388237,4.01288038849826,7.07037878242599
2.03368376222103,-13.8864373702499,4.07415912272717,7.3380514055649
1.69710643177952,-13.8011181320624,4.14316306830671,7.60571869494923
1.36379506515588,-13.7038427646636,4.2210022897004,7.87193785450739
1.03507521588842,-13.592067305808,4.31034835806152,8.13472157098497
0.713837944445968,-13.460565475497,4.41743050084373,8.38995061063526
0.402929124571849,-13.3062069136733,4.54475265629423,8.63457325106326
0.111968664672794,-13.1172409544623,4.70575077190393,8.85715842841819
-0.133191796602738,-12.8726366653502,4.92406694833223,9.02928297594029
-0.323053285791986,-12.5824926206574,5.19190418130222,9.14729083576469
-0.463541482436202,-12.2652201131459,5.4910601150099,9.22317487438311
-0.565211505681126,-11.9333672374514,5.80853207712649,9.27055227264615
-0.637064840943433,-11.5937378566723,6.13666311424924,9.29942094427133
-0.68531496022984,-11.2499261699593,6.47144797195849,9.31576692500832
-0.715910666769355,-10.9040643759583,6.81028651005216,9.32380912005921
-0.734330298612219,-10.5573248934097,7.15170041530268,9.3259908258904
-0.745312289771076,-10.2102648445402,7.49404391742021,9.32434639760756
-0.750661954679955,-9.8630709330383,7.83735477851048,9.31913764232262
-0.752218839589394,-9.5158381221063,8.18098170729026,9.31141743218934
-0.750599178762221,-9.16860511716424,8.52514040651721,9.30136980226196
-0.744984434214231,-8.82142139548929,8.86951905632804,9.28795968034239
-0.738035846918451,-8.47425634393958,9.21427561562683,9.27367527372715
-0.727638320961551,-8.12717717644745,9.18341592873108,9.25630905246192
-0.714835608125616,-7.78018037619228,9.14920757348709,9.23683639046479
-0.69977090301725,-7.43328272591957,9.1126607612969,9.2152774324516
-0.682683421037923,-7.08648641372895,9.07407274444905,9.19186800905838
-0.663941824978854,-6.73977624440206,9.03326807563635,9.16697797088787
-0.642871486114143,-6.39320673877964,8.99110906063299,9.13987306430749
-0.621324488384631,-6.0466506388619,8.94593660151217,9.11236830209095
-0.596881155644453,-5.70031615582308,8.90034740966335,9.08203212575888
-0.568900762257768,-5.35424899286443,8.85514706899573,9.04822348978411
-0.541031513088344,-5.00818564363385,8.80687903530334,9.01459300647683
-0.514673952459872,-4.66198205960816,8.75431609456643,8.98252606814825
-0.482939671082596,-4.31624737955697,8.7042146708557,8.94493729674033
-0.451908156978594,-3.97045216436018,8.65052548196324,8.90811532100232
-0.419779432968404,-3.62475840384125,8.59547794770391,8.87027255374744
-0.384658034870257,-3.27936778967179,8.54102517814881,8.82927997768416
-0.346523981819047,-2.93429287748456,8.48659281832224,8.78525596996757
-0.314353793406116,-2.58855928084925,8.42406691093918,8.74723667861287
-0.274905092312021,-2.24365903573241,8.3685367101588,8.70176139588674
-0.232677069367564,-1.89907427919846,8.32813742523014,8.65343883581111
-0.197176162020481,-1.55366817405944,8.29530410425065,8.61181906521447
-0.153206400008545,-1.20932009966531,8.28545389182541,8.56161796749904
-0.112725195492587,-0.864490090262374,8.28662297031162,8.51467101369383
-0.0678396942679291,-0.520282737656757,8.30675441775257,8.46323333065623
0.0141043688481457,-0.183356795025879,8.37842249001291,8.37842249001291
