0.00, -0.00, 2.89, 2.89;
1.15, 0.32, 2.91, 2.91;
2.29, 0.63, 2.94, 2.94;
3.44, 0.95, 2.96, 2.97;
4.58, 1.27, 2.98, 2.99;
5.72, 1.60, 3.01, 3.01;
6.86, 1.93, 3.03, 3.03;
8.00, 2.26, 3.05, 3.04;
9.14, 2.60, 3.06, 3.06;
10.28, 2.94, 3.08, 3.08;
11.42, 3.28, 3.09, 3.09;
12.56, 3.63, 3.10, 3.10;
13.69, 3.98, 3.11, 3.11;
14.82, 4.34, 3.12, 3.12;
15.96, 4.69, 3.13, 3.13;
17.09, 5.05, 3.14, 3.14;
18.22, 5.42, 3.15, 3.15;
19.35, 5.78, 3.15, 3.15;
20.48, 6.15, 3.15, 3.15;
21.61, 6.52, 3.16, 3.16;
22.74, 6.89, 3.16, 3.16;
23.87, 7.27, 3.16, 3.16;
24.99, 7.65, 3.16, 3.16;
26.12, 8.03, 3.16, 3.16;
27.24, 8.41, 3.16, 3.16;
28.37, 8.80, 3.16, 3.15;
29.49, 9.18, 3.15, 3.15;
30.62, 9.57, 3.15, 3.15;
31.74, 9.96, 3.14, 3.14;
32.86, 10.35, 3.14, 3.14;
33.98, 10.74, 3.13, 3.13;
35.10, 11.14, 3.12, 3.13;
36.22, 11.54, 3.12, 3.12;
37.34, 11.93, 3.11, 3.11;
38.46, 12.33, 3.10, 3.10;
39.58, 12.73, 3.09, 3.09;
40.70, 13.13, 3.08, 3.08;
41.82, 13.54, 3.07, 3.07;
42.93, 13.94, 3.06, 3.06;
44.05, 14.34, 3.05, 3.05;
45.17, 14.75, 3.04, 3.04;
46.29, 15.15, 3.02, 3.03;
47.40, 15.56, 3.01, 3.01;
48.52, 15.96, 3.00, 3.00;
49.64, 16.37, 2.99, 2.99;
50.75, 16.78, 2.98, 2.98;
51.87, 17.18, 2.97, 2.97;
52.99, 17.59, 2.95, 2.95;
54.10, 18.00, 2.94, 2.94;
55.22, 18.40, 2.92, 2.92;
56.33, 18.82, 2.92, 2.93;
57.42, 19.30, 2.95, 2.99;
58.41, 19.94, 2.94, 3.24;
59.29, 20.79, 2.94, 3.62;
60.03, 21.74, 3.00, 3.35;
60.50, 22.80, 3.01, 3.11;
60.68, 23.97, 3.01, 3.01;
60.62, 25.16, 2.99, 3.01;
60.31, 26.30, 2.93, 2.97;
59.83, 27.39, 2.91, 2.90;
59.18, 28.38, 2.92, 2.94;
58.42, 29.29, 2.97, 2.97;
57.54, 30.09, 2.99, 2.99;
56.51, 30.67, 2.95, 3.16;
55.36, 31.04, 2.95, 3.15;
54.18, 31.13, 2.93, 2.98;
53.01, 30.98, 2.88, 2.89;
51.87, 30.63, 2.88, 2.88;
50.80, 30.12, 2.91, 2.93;
49.84, 29.43, 2.96, 2.99;
49.04, 28.54, 2.98, 3.00;
48.39, 27.55, 2.96, 2.96;
47.81, 26.52, 2.96, 2.97;
47.26, 25.46, 3.00, 3.03;
46.42, 24.63, 2.71, 2.88;
45.36, 24.09, 2.67, 2.67;
44.29, 23.58, 2.66, 2.66;
43.19, 23.12, 2.69, 2.69;
42.09, 22.67, 2.71, 2.71;
40.98, 22.24, 2.73, 2.73;
39.87, 21.83, 2.75, 2.75;
38.75, 21.43, 2.76, 2.76;
37.63, 21.05, 2.77, 2.77;
36.50, 20.68, 2.76, 2.76;
35.36, 20.34, 2.75, 2.75;
34.22, 20.01, 2.73, 2.73;
33.06, 19.73, 2.71, 2.71;
31.90, 19.51, 2.71, 2.74;
30.71, 19.41, 2.80, 2.88;
29.56, 19.66, 2.88, 2.91;
28.56, 20.30, 2.70, 2.77;
27.80, 21.21, 2.61, 2.63;
27.27, 22.27, 2.53, 2.56;
26.96, 23.42, 2.51, 2.51;
26.79, 24.59, 2.50, 2.50;
26.85, 25.78, 2.52, 2.53;
27.16, 26.92, 2.60, 2.63;
27.81, 27.91, 2.64, 2.64;
28.63, 28.76, 2.62, 2.62;
29.45, 29.63, 2.60, 2.60;
30.25, 30.50, 2.58, 2.58;
31.07, 31.37, 2.55, 2.55;
31.89, 32.23, 2.51, 2.52;
32.72, 33.07, 2.48, 2.48;
33.56, 33.92, 2.44, 2.44;
34.39, 34.77, 2.41, 2.41;
35.22, 35.61, 2.39, 2.39;
36.04, 36.47, 2.39, 2.39;
36.85, 37.35, 2.41, 2.41;
37.65, 38.22, 2.46, 2.49;
38.43, 39.12, 2.52, 2.63;
38.99, 40.14, 2.57, 2.80;
39.17, 41.33, 2.52, 3.04;
39.19, 42.52, 2.65, 2.70;
38.82, 43.64, 2.64, 2.64;
38.28, 44.70, 2.64, 2.64;
37.57, 45.65, 2.65, 2.67;
36.66, 46.41, 2.62, 2.62;
35.57, 46.88, 2.44, 2.60;
34.43, 47.22, 2.42, 2.43;
33.24, 47.24, 2.43, 2.44;
32.08, 47.03, 2.45, 2.44;
30.94, 46.70, 2.46, 2.46;
29.81, 46.32, 2.48, 2.48;
28.69, 45.92, 2.48, 2.48;
27.59, 45.48, 2.47, 2.48;
26.49, 45.02, 2.47, 2.47;
25.39, 44.56, 2.47, 2.47;
24.30, 44.10, 2.48, 2.48;
23.21, 43.63, 2.50, 2.51;
22.12, 43.16, 2.53, 2.53;
21.03, 42.69, 2.55, 2.55;
19.94, 42.21, 2.57, 2.56;
18.86, 41.72, 2.57, 2.57;
17.78, 41.23, 2.56, 2.56;
16.70, 40.72, 2.52, 2.53;
15.64, 40.18, 2.50, 2.50;
14.70, 39.47, 2.50, 2.61;
13.90, 38.58, 2.56, 2.59;
13.42, 37.50, 2.52, 2.55;
13.18, 36.34, 2.43, 2.47;
13.02, 35.16, 2.37, 2.38;
12.85, 33.98, 2.37, 2.37;
12.61, 32.82, 2.35, 2.36;
12.23, 31.70, 2.28, 2.33;
11.54, 30.73, 2.18, 2.19;
10.78, 29.82, 2.21, 2.28;
9.84, 29.10, 2.37, 2.41;
8.73, 28.70, 2.47, 2.49;
7.55, 28.59, 2.40, 2.41;
6.36, 28.52, 2.36, 2.36;
5.17, 28.47, 2.34, 2.34;
3.99, 28.40, 2.33, 2.33;
2.80, 28.33, 2.33, 2.33;
1.61, 28.26, 2.33, 2.33;
0.43, 28.20, 2.33, 2.33;
-0.76, 28.13, 2.34, 2.34;
-1.95, 28.08, 2.35, 2.35;
-3.13, 28.02, 2.37, 2.37;
-4.32, 27.98, 2.38, 2.38;
-5.51, 27.94, 2.39, 2.39;
-6.70, 27.92, 2.40, 2.40;
-7.88, 27.95, 2.44, 2.49;
-9.02, 28.26, 2.59, 2.59;
-10.02, 28.89, 2.66, 2.72;
-10.73, 29.83, 2.79, 2.79;
-11.16, 30.94, 2.76, 2.77;
-11.54, 32.07, 2.73, 2.73;
-11.91, 33.20, 2.71, 2.71;
-12.26, 34.33, 2.71, 2.71;
-12.57, 35.48, 2.71, 2.71;
-12.81, 36.64, 2.69, 2.70;
-12.90, 37.83, 2.61, 2.62;
-12.74, 39.00, 2.52, 2.52;
-12.36, 40.12, 2.48, 2.48;
-11.86, 41.20, 2.47, 2.48;
-11.36, 42.28, 2.44, 2.44;
-10.84, 43.35, 2.40, 2.41;
-10.28, 44.40, 2.35, 2.36;
-9.67, 45.41, 2.30, 2.32;
-9.03, 46.41, 2.29, 2.29;
-8.34, 47.38, 2.32, 2.32;
-7.56, 48.28, 2.36, 2.36;
-6.72, 49.12, 2.39, 2.40;
-5.83, 49.90, 2.43, 2.43;
-4.89, 50.64, 2.48, 2.48;
-3.92, 51.32, 2.52, 2.53;
-2.92, 51.96, 2.55, 2.56;
-1.90, 52.57, 2.56, 2.56;
-0.88, 53.17, 2.56, 2.56;
0.20, 53.67, 2.56, 2.56;
1.36, 53.92, 2.44, 2.47;
2.54, 54.00, 2.35, 2.36;
3.73, 54.00, 2.31, 2.31;
4.92, 53.91, 2.32, 2.32;
6.09, 53.72, 2.36, 2.40;
7.17, 53.24, 2.35, 2.37;
8.17, 52.61, 2.30, 2.30;
9.14, 51.92, 2.30, 2.31;
10.08, 51.19, 2.36, 2.37;
11.03, 50.48, 2.39, 2.39;
12.07, 49.90, 2.40, 2.47;
13.20, 49.56, 2.45, 2.44;
14.39, 49.56, 2.45, 2.47;
15.54, 49.83, 2.41, 2.42;
16.64, 50.28, 2.38, 2.38;
17.67, 50.87, 2.38, 2.38;
18.60, 51.61, 2.37, 2.37;
19.42, 52.47, 2.41, 2.42;
20.16, 53.40, 2.41, 2.42;
20.85, 54.37, 2.36, 2.36;
21.53, 55.34, 2.31, 2.31;
22.26, 56.28, 2.28, 2.29;
23.09, 57.13, 2.25, 2.25;
23.98, 57.92, 2.25, 2.26;
24.93, 58.63, 2.27, 2.28;
25.97, 59.20, 2.29, 2.29;
27.11, 59.54, 2.29, 2.29;
28.27, 59.77, 2.32, 2.32;
29.45, 59.95, 2.34, 2.34;
30.63, 60.04, 2.36, 2.36;
31.82, 60.05, 2.36, 2.36;
33.00, 60.01, 2.36, 2.36;
34.19, 59.93, 2.36, 2.36;
35.38, 59.84, 2.35, 2.36;
36.56, 59.72, 2.34, 2.34;
37.73, 59.56, 2.30, 2.31;
38.90, 59.33, 2.27, 2.27;
40.06, 59.07, 2.25, 2.25;
41.21, 58.77, 2.24, 2.24;
42.35, 58.44, 2.24, 2.24;
43.48, 58.07, 2.22, 2.22;
44.58, 57.63, 2.22, 2.22;
45.65, 57.11, 2.24, 2.24;
46.65, 56.47, 2.23, 2.23;
47.57, 55.72, 2.20, 2.20;
48.39, 54.86, 2.16, 2.16;
49.08, 53.89, 2.12, 2.12;
49.68, 52.87, 2.15, 2.16;
50.26, 51.83, 2.22, 2.35;
50.70, 50.73, 2.44, 2.50;
51.01, 49.59, 2.58, 2.59;
51.25, 48.42, 2.63, 2.63;
51.45, 47.25, 2.63, 2.63;
51.67, 46.08, 2.59, 2.59;
51.93, 44.92, 2.57, 2.57;
52.24, 43.78, 2.56, 2.56;
52.63, 42.65, 2.56, 2.57;
53.18, 41.61, 2.59, 2.62;
54.05, 40.78, 2.56, 2.71;
55.07, 40.19, 2.59, 2.59;
56.24, 39.99, 2.55, 2.64;
57.42, 40.11, 2.57, 2.56;
58.41, 40.74, 2.43, 2.68;
59.21, 41.66, 2.37, 2.50;
59.67, 42.75, 2.40, 2.39;
59.82, 43.93, 2.42, 2.44;
59.77, 45.11, 2.46, 2.47;
59.68, 46.30, 2.49, 2.49;
59.57, 47.48, 2.51, 2.51;
59.44, 48.66, 2.53, 2.53;
59.29, 49.84, 2.54, 2.54;
59.12, 51.02, 2.55, 2.55;
58.94, 52.19, 2.56, 2.56;
58.75, 53.37, 2.57, 2.57;
58.55, 54.54, 2.57, 2.57;
58.34, 55.71, 2.58, 2.58;
58.12, 56.87, 2.58, 2.58;
57.90, 58.04, 2.58, 2.59;
57.68, 59.21, 2.59, 2.59;
57.43, 60.37, 2.57, 2.58;
57.15, 61.53, 2.55, 2.55;
56.82, 62.67, 2.53, 2.53;
56.44, 63.79, 2.52, 2.52;
56.00, 64.90, 2.52, 2.52;
55.48, 65.96, 2.55, 2.56;
54.89, 67.00, 2.61, 2.61;
54.18, 67.95, 2.62, 2.62;
53.37, 68.82, 2.61, 2.61;
52.49, 69.61, 2.60, 2.60;
51.55, 70.35, 2.56, 2.57;
50.57, 71.01, 2.50, 2.51;
49.54, 71.59, 2.45, 2.46;
48.44, 72.06, 2.41, 2.42;
47.32, 72.46, 2.39, 2.39;
46.19, 72.81, 2.38, 2.38;
45.03, 73.08, 2.37, 2.37;
43.86, 73.28, 2.30, 2.31;
42.68, 73.39, 2.27, 2.27;
41.49, 73.40, 2.29, 2.29;
40.30, 73.36, 2.31, 2.31;
39.12, 73.26, 2.34, 2.34;
37.94, 73.13, 2.36, 2.36;
36.76, 72.98, 2.38, 2.38;
35.58, 72.81, 2.39, 2.39;
34.41, 72.64, 2.40, 2.41;
33.23, 72.46, 2.42, 2.41;
32.06, 72.27, 2.43, 2.43;
30.88, 72.09, 2.44, 2.44;
29.71, 71.90, 2.45, 2.46;
28.54, 71.70, 2.47, 2.47;
27.37, 71.51, 2.49, 2.49;
26.20, 71.31, 2.51, 2.51;
25.03, 71.10, 2.52, 2.52;
23.86, 70.90, 2.54, 2.55;
22.69, 70.69, 2.56, 2.56;
21.52, 70.48, 2.58, 2.58;
20.35, 70.26, 2.60, 2.60;
19.18, 70.04, 2.62, 2.62;
18.01, 69.82, 2.63, 2.63;
16.84, 69.60, 2.65, 2.65;
15.68, 69.38, 2.66, 2.66;
14.51, 69.16, 2.68, 2.68;
13.34, 68.93, 2.69, 2.69;
12.18, 68.70, 2.70, 2.70;
11.01, 68.47, 2.71, 2.71;
9.85, 68.25, 2.71, 2.71;
8.68, 68.02, 2.72, 2.72;
7.51, 67.78, 2.72, 2.72;
6.35, 67.55, 2.72, 2.72;
5.18, 67.32, 2.72, 2.72;
4.02, 67.09, 2.71, 2.71;
2.85, 66.85, 2.70, 2.70;
1.69, 66.62, 2.69, 2.69;
0.52, 66.38, 2.68, 2.68;
-0.64, 66.14, 2.67, 2.67;
-1.80, 65.90, 2.66, 2.66;
-2.97, 65.66, 2.64, 2.64;
-4.13, 65.41, 2.63, 2.63;
-5.29, 65.16, 2.61, 2.61;
-6.45, 64.90, 2.60, 2.60;
-7.61, 64.65, 2.58, 2.58;
-8.77, 64.39, 2.57, 2.57;
-9.93, 64.12, 2.56, 2.55;
-11.09, 63.85, 2.54, 2.54;
-12.24, 63.58, 2.53, 2.53;
-13.40, 63.30, 2.52, 2.52;
-14.55, 63.01, 2.52, 2.52;
-15.70, 62.72, 2.51, 2.51;
-16.85, 62.42, 2.51, 2.51;
-17.99, 62.08, 2.48, 2.49;
-19.09, 61.64, 2.45, 2.45;
-20.16, 61.12, 2.43, 2.43;
-21.20, 60.54, 2.43, 2.43;
-22.18, 59.87, 2.46, 2.47;
-23.09, 59.11, 2.51, 2.52;
-23.93, 58.26, 2.55, 2.55;
-24.68, 57.34, 2.55, 2.55;
-25.34, 56.36, 2.56, 2.57;
-25.89, 55.30, 2.58, 2.59;
-26.24, 54.17, 2.49, 2.53;
-26.50, 53.01, 2.41, 2.43;
-26.67, 51.83, 2.38, 2.38;
-26.73, 50.65, 2.37, 2.37;
-26.73, 49.46, 2.34, 2.35;
-26.65, 48.27, 2.32, 2.32;
-26.51, 47.10, 2.32, 2.32;
-26.30, 45.92, 2.33, 2.33;
-26.03, 44.77, 2.36, 2.37;
-25.68, 43.63, 2.41, 2.41;
-25.24, 42.53, 2.41, 2.42;
-24.76, 41.45, 2.40, 2.40;
-24.24, 40.37, 2.40, 2.40;
-23.67, 39.33, 2.33, 2.35;
-23.10, 38.29, 2.30, 2.30;
-22.57, 37.23, 2.34, 2.37;
-22.22, 36.09, 2.45, 2.46;
-22.19, 34.91, 2.51, 2.52;
-22.48, 33.76, 2.54, 2.54;
-22.93, 32.66, 2.58, 2.60;
-23.44, 31.59, 2.66, 2.73;
-23.99, 30.53, 2.79, 2.90;
-24.62, 29.53, 2.96, 3.05;
-25.33, 28.57, 3.12, 3.14;
-26.10, 27.68, 3.14, 3.14;
-26.88, 26.78, 3.05, 3.11;
-27.69, 25.91, 2.92, 2.98;
-28.41, 24.97, 2.90, 2.96;
-28.89, 23.88, 2.88, 2.90;
-29.06, 22.71, 2.81, 2.85;
-28.88, 21.54, 2.70, 2.79;
-28.34, 20.48, 2.55, 2.70;
-27.67, 19.49, 2.60, 2.61;
-26.71, 18.80, 2.49, 2.80;
-25.65, 18.25, 2.48, 2.54;
-24.50, 17.98, 2.49, 2.49;
-23.32, 17.82, 2.48, 2.48;
-22.14, 17.68, 2.47, 2.47;
-20.96, 17.55, 2.46, 2.46;
-19.78, 17.43, 2.45, 2.46;
-18.59, 17.32, 2.45, 2.45;
-17.41, 17.21, 2.45, 2.45;
-16.23, 17.10, 2.45, 2.45;
-15.05, 16.99, 2.46, 2.45;
-13.86, 16.88, 2.46, 2.46;
-12.68, 16.78, 2.46, 2.46;
-11.50, 16.67, 2.47, 2.47;
-10.31, 16.55, 2.47, 2.48;
-9.13, 16.42, 2.48, 2.48;
-7.95, 16.30, 2.48, 2.48;
-6.77, 16.17, 2.47, 2.47;
-5.58, 16.13, 2.43, 2.44;
-4.40, 16.27, 2.45, 2.45;
-3.24, 16.53, 2.47, 2.47;
-2.10, 16.85, 2.46, 2.46;
-0.96, 17.20, 2.43, 2.43;
0.17, 17.57, 2.41, 2.41;
1.29, 17.95, 2.40, 2.40;
2.42, 18.32, 2.41, 2.41;
3.54, 18.71, 2.42, 2.42;
4.66, 19.10, 2.41, 2.42;
5.78, 19.50, 2.41, 2.41;
6.90, 19.91, 2.40, 2.40;
8.02, 20.29, 2.39, 2.39;
9.15, 20.67, 2.39, 2.39;
10.29, 21.01, 2.40, 2.40;
11.43, 21.33, 2.42, 2.42;
12.59, 21.58, 2.46, 2.48;
13.78, 21.55, 2.54, 2.54;
14.93, 21.26, 2.58, 2.58;
15.86, 20.53, 2.46, 2.47;
16.56, 19.58, 2.40, 2.40;
17.02, 18.49, 2.38, 2.39;
17.28, 17.33, 2.44, 2.49;
17.37, 16.15, 2.56, 2.78;
17.02, 15.02, 2.81, 2.96;
16.05, 14.38, 2.49, 2.67;
14.96, 13.92, 2.40, 2.45;
13.86, 13.48, 2.36, 2.36;
12.76, 13.04, 2.35, 2.35;
11.64, 12.62, 2.37, 2.37;
10.53, 12.22, 2.42, 2.42;
9.41, 11.82, 2.48, 2.49;
8.29, 11.42, 2.54, 2.55;
7.17, 11.02, 2.60, 2.62;
6.05, 10.62, 2.66, 2.66;
4.94, 10.20, 2.69, 2.69;
3.82, 9.79, 2.71, 2.72;
2.71, 9.38, 2.73, 2.74;
1.59, 8.97, 2.74, 2.74;
0.47, 8.58, 2.74, 2.74;
-0.66, 8.21, 2.73, 2.73;
-1.79, 7.85, 2.72, 2.72;
-2.93, 7.52, 2.69, 2.69;
-4.08, 7.22, 2.65, 2.65;
-5.24, 6.94, 2.60, 2.61;
-6.40, 6.71, 2.54, 2.56;
-7.58, 6.54, 2.49, 2.50;
-8.77, 6.50, 2.46, 2.46;
-9.95, 6.55, 2.44, 2.45;
-11.13, 6.68, 2.45, 2.44;
-12.31, 6.84, 2.45, 2.45;
-13.49, 7.01, 2.45, 2.46;
-14.66, 7.19, 2.46, 2.46;
-15.83, 7.39, 2.47, 2.47;
-17.00, 7.59, 2.49, 2.49;
-18.17, 7.79, 2.50, 2.50;
-19.34, 8.00, 2.52, 2.52;
-20.52, 8.20, 2.54, 2.55;
-21.69, 8.41, 2.57, 2.57;
-22.86, 8.61, 2.60, 2.60;
-24.03, 8.81, 2.62, 2.63;
-25.20, 8.98, 2.65, 2.67;
-26.39, 9.03, 2.69, 2.84;
-27.57, 8.83, 2.67, 3.27;
-28.74, 8.48, 2.76, 3.43;
-29.82, 8.01, 3.01, 3.14;
-30.63, 7.18, 3.05, 3.05;
-31.20, 6.14, 3.05, 3.09;
-31.54, 5.00, 3.04, 3.04;
-31.67, 3.82, 3.04, 3.04;
-31.61, 2.63, 3.05, 3.07;
-31.30, 1.49, 3.06, 3.06;
-30.68, 0.48, 3.08, 3.12;
-29.87, -0.39, 3.17, 3.18;
-29.02, -1.22, 3.18, 3.18;
-28.13, -2.00, 3.14, 3.15;
-27.19, -2.73, 3.07, 3.09;
-26.23, -3.43, 3.02, 3.03;
-25.24, -4.09, 2.99, 3.00;
-24.24, -4.72, 3.00, 3.00;
-23.21, -5.32, 3.01, 3.01;
-22.13, -5.81, 2.99, 3.04;
-20.96, -6.01, 2.87, 3.23;
-19.77, -6.05, 2.80, 2.96;
-18.59, -5.92, 2.72, 2.76;
-17.43, -5.66, 2.67, 2.67;
-16.29, -5.32, 2.61, 2.63;
-15.16, -4.95, 2.56, 2.57;
-14.04, -4.57, 2.53, 2.53;
-12.91, -4.20, 2.54, 2.54;
-11.78, -3.83, 2.56, 2.56;
-10.65, -3.45, 2.59, 2.59;
-9.52, -3.08, 2.62, 2.62;
-8.39, -2.72, 2.66, 2.66;
-7.26, -2.36, 2.68, 2.69;
-6.12, -2.02, 2.71, 2.71;
-4.98, -1.67, 2.73, 2.73;
-3.85, -1.33, 2.76, 2.76;
-2.71, -0.98, 2.79, 2.79;