0,-0,6.40585025835741,6.47431865204504
0.0224316221375197,0.335162736171766,6.40583664353723,6.51162224991642
0.0391070559794498,0.669181688022231,6.41764463066963,6.55670132892037
0.048544356306159,1.00202790454161,6.42759873882246,6.61111779414478
0.0492615778980139,1.33367243472011,6.43119849737144,6.61454994315129
0.0397767755353879,1.66408632754794,6.4415964184425,6.56032208985333
0.0186080039986494,1.99324063201532,6.45714371238338,6.51999528789249
-0.0157266819318332,2.32110639711246,6.4762645417863,6.49541314496334
-0.0877372936664657,2.64419617756644,6.4743014985478,6.51116068406
-0.162353328524466,2.96719177682039,6.4867215768337,6.53214214823191
-0.23444080280256,3.29076211335746,6.50664272761593,6.55308593895726
-0.305122364732313,3.61463145048039,6.52652000641683,6.57530179494618
-0.373108425745835,3.93908264844411,6.54674750240644,6.59745795001394
-0.438604336664913,4.26405075115473,6.56779230715517,6.61982657218877
-0.501593098651099,4.58950582421053,6.5896353874468,6.64249359298048
-0.562243803406125,4.91540047423108,6.61135287506873,6.66556318852039
-0.621680475128567,5.24151845478871,6.63255347999711,6.69041795041328
-0.678237893078921,5.5681449897159,6.65477007680493,6.71513868193076
-0.731740428288415,5.89529209157393,6.67745949173338,6.73987597296498
-0.783550681618323,6.22270400516015,6.69987680267844,6.76586736289219
-0.831150675087273,6.55076165611183,6.72445144352743,6.79069976647435
-0.877663526465801,6.8789678548529,6.74778995239584,6.81761777320996
-0.919265691608799,7.20783921560487,6.77341077126772,6.84263205410308
-0.960325215115113,7.53677554286574,6.79720741975079,6.87039407067061
-0.997431950293059,7.86617622648238,6.82247332224006,6.89739638575538
-1.02991378451902,8.19607278077281,6.84974767866156,6.92300236952847
-1.06128230684242,8.52606582722715,6.87537092050906,6.9508876750816
-1.08927241573168,8.85636425500539,6.90147509744082,6.97868189539784
-1.11368151268714,9.18694933376681,6.92812293979167,7.00626957511471
-1.13438405602408,9.51779121834479,6.95530000380568,7.03364099880519
-1.15111018198098,9.84885978511312,6.98313626365263,7.06047179324942
-1.16387034130899,10.1801000511878,7.01148316540293,7.08678384326453
-1.17232095675148,10.5114731489844,7.04001423731763,7.1123710572815
-1.17681528600805,10.8429197221057,7.06861178242485,7.13761126631334
-1.18045017923483,11.174382459973,7.09361753256542,7.16561285841905
-1.18490757602524,11.5058124354825,7.11318286935809,7.20354467023037
-1.17971401626866,11.8372057650644,7.13696588171055,7.24436686467971
-1.16393439949327,12.1682574205084,7.16556934785449,7.28682180386861
-1.13639994910626,12.498526909896,7.1992297343059,7.32942701839421
-1.09560449660664,12.8274216176215,7.23890021639238,7.37042902015864
-1.03961234229224,13.1540832847295,7.09682665467506,7.40768594436402
-0.965976153790444,13.4772548940301,6.79625273169744,7.43854316419723
-0.871153668760268,13.7948603785494,6.50421187772426,7.45912663222915
-0.751150581810609,14.1037858365882,6.22403728672191,7.4648184974637
-0.600825686372978,14.3989978537964,5.96110564443069,7.44916633691311
-0.414573730373267,14.6726461369573,5.72373038443385,7.40392028463275
-0.187970769246217,14.9135050010934,5.52263041630932,7.31987232528785
0.0847500642717291,15.101253202612,5.37800838328289,7.18111245525486
0.370751949703101,15.2651581997107,5.25532391255799,7.02848948404439
0.669559758710924,15.4061929237506,5.15341444630206,6.86373143066605
0.982297193343492,15.516049877148,5.08049810212109,6.67928024846638
1.29442674151665,15.624702713644,5.00511861206613,6.505539696483
1.61520151276353,15.7083135601246,4.95197296350204,6.31935349989825
1.93478286034139,15.7938556358543,4.89331111347928,6.14754078874415
2.25979981396522,15.8588253169554,4.85212523406231,5.96810603470852
2.58643122751431,15.915431397342,4.81594316567414,5.79462559697627
2.91155553309246,15.9767744951728,4.77155401267545,5.6393582030222
3.24043407743,16.0191244558609,4.74287116804058,5.47996533246488
3.5700206634569,16.0550647840327,4.71688854616982,5.33060010105159
3.89832749620636,16.0963544397607,4.68200294030715,5.20090206518118
4.22825191741495,16.126446352721,4.65481625500198,5.07820592647164
4.55874536473725,16.1489045335338,4.63164683190532,4.96401304787262
4.88924772995427,16.1705107307722,4.60561274010481,4.86720792427355
5.22027943438161,16.1848210746019,4.58303073937883,4.78150550369672
5.55159361246527,16.1908099788789,4.56477857584185,4.70576233155483
5.88290490141349,16.1949932438573,4.54419178020829,4.6462124174381
6.21428640901567,16.1884561736164,4.52999231123696,4.59392746103713
6.54550686049372,16.1770934648924,4.5161119018309,4.55456458641839
6.87636338322519,16.1572786522447,4.50562317490408,4.52436142239286
7.20688935348505,16.1323194455049,4.49493545159067,4.50571684898858
7.53641779161931,16.0962793773265,4.49006384948775,4.4923167486444
7.86496188582852,16.0521726537262,4.48694574542427,4.48734687227255
8.19198867195503,15.997913482925,4.48767794108223,4.48819732454781
8.51689462411627,15.932216219734,4.49211676945181,4.49451617641229
8.83942884594865,15.8557627703544,4.49912499732701,4.50641381403535
9.15849211392153,15.7659019165557,4.50958405882684,4.52267939079862
9.47268725883927,15.6602714350016,4.32902348715577,4.54109519362841
9.77984782106084,15.5356732889556,4.00560135707558,4.55846248269053
10.0764660411745,15.3878247527873,3.68786112613252,4.57010193639239
10.356689618811,15.2110361172201,3.38092541842243,4.56898555590461
10.610378780279,14.9981787275052,3.09199177083382,4.54438990171841
10.7965639517046,14.7261391868633,2.85710294101998,4.45190192394254
10.894738581758,14.4115715724921,2.69760058734151,4.28556650006516
10.9549753889271,14.0882690741885,2.57177372887334,4.09969138796395
10.9712470593211,13.7589207960056,2.48426299059873,3.89011924940695
10.971336869526,13.4295306803226,2.41154171145462,3.67952853375366
10.9621245085221,13.0999733273822,2.34696728942265,3.47364908152913
10.9379395903094,12.7710166818681,2.29519796756474,3.26825025040285
10.9127979241076,12.442067428565,2.24501780025511,3.07476364146217
10.8787737511486,12.1137909809129,2.20378567193879,2.88740993320091
10.8433997841211,11.7856592548915,2.16340208743162,2.71326101004541
10.8147276134347,11.4561646263861,2.11808636769865,2.55899351206726
10.793814126402,11.1253093320298,2.06673162523576,2.42688037548327
10.7588021363385,10.7964207443291,2.03006094804465,2.29699435369494
10.7438018316066,10.4653584929456,1.97690733008209,2.19953600769506
10.7159530121129,10.1350067925023,1.93982767905622,2.10370586359968
10.6884938130692,9.80463749184228,1.90499207844577,2.01978610851973
10.6691688415476,9.47382883675524,1.86813634548924,1.95486908324569
10.6499924573075,9.14297480397116,1.83516268425947,1.89979957901104
10.6281259257029,8.81222364935801,1.812550105331,1.85044312495668
10.6113996253344,8.48116736947758,1.79184402488523,1.81336218665145
10.5997940640002,8.14988544401587,1.77637674343233,1.78746258045103
10.5925272595704,7.8184807606694,1.76668474059853,1.7709622367427
10.5916205377664,7.48698547432739,1.76545424658475,1.76494358541613
10.6023285708441,7.15567176436715,1.76701895938035,1.77378633646993
10.628321708796,6.82522053532531,1.77341358591781,1.8003307556469
10.6741436382369,6.49678962669554,1.78089180644558,1.84831198994385
10.7702729972069,6.18251309907358,1.76235098789581,1.94743886564878
10.9242701513342,5.89811508126493,1.70689430047104,2.10399383977157
11.1255428339008,5.6355860330206,1.62940875719573,2.30749950047372
11.341156221306,5.36830930603315,1.57759570506986,2.52416818151936
11.5698497405603,5.10226699497162,1.55742275506489,2.75260174406025
11.810362818674,4.84344119450509,1.57089052621841,2.9908483617637
12.0614348826576,4.59781399930265,1.61512436132639,3.02571245007505
12.3218053595214,4.37136750403336,1.68300846409425,2.76443469985062
12.5902136762758,4.17008380336629,1.76650429792627,2.52816518137701
12.8653992599312,3.99994499197054,1.85651466339263,2.32303314616937
13.1461015374981,3.86693316451516,1.93452747363229,2.15542421310939
13.4531157066015,3.79479193484798,1.97088299818453,2.04655578461432
13.7841956493461,3.78132147274319,1.96585097986798,1.99492453395044
14.115621966928,3.78898240129097,1.95599132803458,1.96631866036867
14.4465881166949,3.80756942992343,1.94900730715379,1.95066999751148
14.7770339140804,3.8340142380509,1.94491513936863,1.94457947036273
15.1068900225776,3.86702126251966,1.94575911797595,1.94688331228975
15.4358970521031,3.9075447887649,1.95175688918775,1.95874994359405
15.7644472621995,3.95165727716107,1.96464945922674,1.97550636419001
16.0927788156862,3.99736377274971,1.98116297140517,1.99587636899998
16.4206008269135,4.04648848008072,1.99855078632189,2.02085379913218
16.7483585227251,4.09599462004372,2.01973092254791,2.04801108984085
17.075940414856,4.14662468477328,2.04381397001707,2.07768450200192
17.403372778646,4.19825915710131,2.07079071092218,2.10966062405961
17.7306183745114,4.25108276955964,2.10034897566174,2.14433803159204
18.0569449132363,4.30904645849499,2.12836163296546,2.18559971652219
18.383667117148,4.36484818028795,2.16190092071673,2.22599452873511
18.710294737013,4.42123903479195,2.19771681266988,2.26805975893419
19.0361465800921,4.48174842188253,2.23265422880339,2.31555679116762
19.3621796195343,4.54122472654972,2.27182876697952,2.36324680191241
19.688016871868,4.60182998511516,2.312980814558,2.41327273326117
20.0137962372281,4.66275795970254,2.35684185690764,2.46479660796529
20.3383908295748,4.72949298527915,2.3973746909698,2.52331652429616
20.663941333207,4.79160285697524,2.44471670857127,2.57832099868074
20.9886390374834,4.85770518754223,2.49078776971162,2.63839474954376
21.3132757929472,4.92416247678316,2.53921362007309,2.69978833483343
21.6370718729559,4.99448631302292,2.5863600054834,2.76614512275082
21.961833601549,5.06033825560337,2.63930549245151,2.82911797664148
22.2865625211322,5.12634744626939,2.69458330698613,2.89334684889939
22.609705210114,5.19951929002089,2.74505532056193,2.96579448051486
22.9339123794286,5.26787389977955,2.80233432761295,3.03419723642648
23.2571421651593,5.34057485387044,2.85657059593806,3.10804529304342
23.5805096758832,5.41260575905225,2.91374372634344,3.18233976821377
23.9040963213082,5.48368793816355,2.97407501333277,3.25645861726523
24.2266671100464,5.55911799062714,3.03069210176935,3.33591381606085
24.5505268322364,5.6289921953383,3.09502014020956,3.41096065514799
24.8726123292288,5.7064216463632,3.15375081099886,3.49420889466461
25.1946996144337,5.78382919085872,3.21309727320953,3.57853196665997
25.5180193739114,5.8559197768665,3.27963344713246,3.6584895722734
25.8404309142214,5.93186405743814,3.34413629662988,3.74311985043365
26.163214658227,6.00622520767858,3.41058204757978,3.82728770368045
26.4843144093645,6.08755622386003,3.47177715767303,3.91903192180738
26.8077381339322,6.15919056276234,3.5441426986104,4.00234295093985
27.1292345768874,6.23880691485475,3.60897589051813,4.09421049338262
27.4508158501949,6.31804014576502,3.67580249455852,4.18685920092894
27.7740957602927,6.39022947326696,3.75057125843399,4.27321543158
28.0950013033724,6.47216722969862,3.81629741879103,4.37035159473267
28.415919940123,6.55402253937175,3.88353820355718,4.46806830711475
28.7393174146043,6.62560128638611,3.96140575170562,4.55681353196118
29.0607393129137,6.70538350501935,4.03208200272914,4.6543016582493
29.3816641720971,6.78715460399366,4.10188897882905,4.75486308747487
29.7040207785043,6.86294381570749,4.17770808646867,4.8503071796246
30.0258429330356,6.94096607533474,4.25246757662649,4.94897437752094
30.3475583348923,7.01940605104264,4.32737040576251,5.0489226754154
30.6689566425936,7.09917169958353,4.40127071216571,5.15109960956539
30.9899726178809,7.18050494488552,4.47457413694711,5.25581292090437
31.3113284498563,7.26045351088791,4.54940539643391,5.35997548457315
31.6331349924423,7.33853064966869,4.6265786360525,5.46341201245832
31.9554081717561,7.41451946469354,4.70661890335643,5.56558348499462
32.2778964293129,7.48953178079057,4.78743275451786,5.66788683639482
32.6002933553728,7.56498077860357,4.86834909633294,5.77152934092119
32.922347960367,7.64196328471431,4.94834248898679,5.87765665946643
33.2442630713384,7.71951101820361,5.02739930403729,5.98537684537775
33.5664767926815,7.79578507809824,5.10815140820133,6.09274475520681
33.8888050914192,7.87157451790653,5.18978167128315,6.20078935249913
34.2112397349085,7.9468789010894,5.27155536618068,6.30922769313798
34.5340497267829,8.02057781868648,5.35504358860131,6.41725178291001
34.8568069608148,8.09447167029269,5.43853077054588,6.52645811918245
35.179074729199,8.1709750451716,5.51937401731459,6.63927163436296
35.5047398622711,8.22968721202266,5.61716167476884,6.73592117899914
35.8353494554346,8.25898397338088,5.74341779640627,6.80509406100996
36.1686725646369,8.27045929546281,5.88661180779719,6.85809651505363
36.5030737397762,8.2733504533095,6.03741551775657,6.8691251228465
36.836917530751,8.27689472196199,6.18744019040211,6.80833034872998
37.1685684874595,8.29032937646132,6.32706254808352,6.75335298378493
37.4963911598,8.32289169184851,6.44756425687434,6.71429252042584
37.8161697433652,8.3966119131345,6.52738465068862,6.71411310709411
38.1294959448272,8.50483321253145,6.57295086063852,6.74652378271465
38.4426859552038,8.61344626690048,6.61743639268768,6.77733988315411
38.7547085443459,8.72542520934559,6.65764142210995,6.81017157775393
39.0667459519154,8.83736285668182,6.69706470351463,6.84190290101422
39.378976134122,8.94878967359804,6.73613060338647,6.87236811924245
39.6902324202179,9.06275655416988,6.77151266787926,6.90525977153883
40.0018952329191,9.1756404092944,6.80699734810788,6.93701099662137
40.313810314209,9.28782473558589,6.84210091435187,6.96844731185558
40.6260751209558,9.39900902649267,6.87666077224009,6.99952901871343
40.937733098604,9.51191354856285,6.90808955522223,7.03340170114701
41.251176181023,9.61976214918522,6.94347089473942,7.06318959098722
41.5640784123311,9.72915089166401,6.97531763007549,7.09612842091883
41.8777374128738,9.83637196314038,7.00774228404308,7.12858478950523
42.1922910311605,9.94095124242977,7.04087849775378,7.16028759755882
42.5076986503976,10.0429202378458,7.07469553237476,7.1913946544298
42.8231527391728,10.1448112213323,7.10602288367176,7.22496562009642
43.1403470061712,10.2411100676561,7.14069433996789,7.25520175550036
43.45779111684,10.3366373683306,7.17335991989247,7.28752295263911
43.7763398436747,10.4284115111278,7.20677531932294,7.31898787263464
44.0941711272027,10.5221740549966,7.23460870181515,7.35766948890035
44.4130449998953,10.6121335392021,7.26258166442011,7.40116847746106
44.7340351682965,10.6942111896855,7.29455710563811,7.44512119361769
45.0569932034436,10.7681241774819,7.32997512406312,7.4892394747753
45.3818747795036,10.8330738033144,7.36926546516023,7.53283299405313
45.7086460092842,10.8877845699956,7.41285803838718,7.57485928994999
46.0370717550238,10.931263636434,7.46072285848573,7.61468621319093
46.3666938572082,10.9648308417423,7.51021763232562,7.65410109503255
46.6976421339993,10.9822970099462,7.46726052521446,7.68684274483832
47.0290238520736,10.9817352260661,7.18692026363219,7.71205922306901
47.3599287645454,10.9634304124871,6.91322434610679,7.72980379100857
47.6886640010305,10.9212916078305,6.65088279093068,7.73474182761215
48.0081305444307,10.8350704592389,6.41528244356093,7.70595197884072
48.3109459358457,10.7017560282606,6.21313530037962,7.63900135614895
48.5904646338681,10.5246598306727,6.04768155441798,7.53515370896602
48.8506131172187,10.3206738478416,5.9072040279316,7.41109603682956
49.0944397818633,10.0973586817851,5.78542424111462,7.27478765844042
49.3146329668961,9.84962013106061,5.69102751930427,7.11901675354236
49.5294777840794,9.5983985264809,5.59841002038644,6.9686519818497
49.7227334205101,9.32908558663635,5.52831357196887,6.80466436613939
49.9152612094197,9.06047125431268,5.45447416938168,6.65134827360027
50.0985081303118,8.78509511419887,5.38774877281975,6.49968477694201
50.2664066942516,8.4996028765353,5.33503139537352,6.34315313666219
50.4288833314319,8.21137834501136,5.28442470197737,6.19266035848818
50.5883752972626,7.92165812647265,5.2332780662027,6.0514877406462
50.741000496185,7.62815710115127,5.18606144144276,5.91559757764521
50.8871079850088,7.33130753734198,5.14231423226425,5.78556574400478
51.0268352970911,7.03137424913898,5.10182129010892,5.66173844545753
51.1608516048887,6.72888228798386,5.06377198382606,5.54505347239579
51.293994030895,6.42602030900701,5.02287968218077,5.44049735687837
51.4218705455001,6.12083892425884,4.98388417731287,5.34314659662822
51.5418816269907,5.81237028810718,4.9494944334484,5.25112949842402
51.6588997554136,5.50273450874807,4.91429409226245,5.1682811211657
51.7729185309909,5.19186953941225,4.87800105167614,5.09544497675262
51.8753996993973,4.87699373207668,4.84969857963207,5.02362450968869
51.9779847844495,4.56200649304151,4.817064830201,4.96431780096429
52.0689495211511,4.24352514236109,4.79217366825725,4.90592600023584
52.1562712061083,3.9239556075204,4.76573909390492,4.8569362595716
52.2360454624702,3.60235317237625,4.74233373863964,4.8137386249509
52.3072835782154,3.27867570557199,4.72188995168628,4.77589723647192
52.3666274757962,2.95259177090339,4.70778537089392,4.74049320854976
52.4202542029481,2.62552645335346,4.69281640371563,4.71443113307806
52.4634490662612,2.29687470323356,4.68083845329706,4.69444295248276
52.4942319448006,1.96682039728506,4.67291351811148,4.678533813943
52.5130709509018,1.63587474856999,4.6668126645985,4.66892487055009
52.5174395074704,1.3044326574961,4.66263681288403,4.66332405449519
52.5052799688529,0.973186689947122,4.6598652349766,4.66007343785442
52.4776903525363,0.642850794410569,4.65993045826654,4.66017088355446
52.4372681031827,0.313835194211119,4.6630698655693,4.66571569278488
52.3850796819417,-0.0135161227489188,4.66929819747083,4.67611532492851
52.3235422849879,-0.339224119060854,4.67769339714088,4.69396001662117
52.252049338839,-0.662894244991806,4.68931343949104,4.71661792542059
52.1707186556443,-0.984198129873522,4.70520058737045,4.74441213730949
52.0814113342994,-1.30331947708344,4.72367364743357,4.77857474255436
51.9867460174861,-1.62085468844683,4.74263272795108,4.82106969151883
51.8844034775669,-1.93599470414942,4.76430294244695,4.86923496593216
51.7721144913626,-2.24766589735174,4.79194393957081,4.92106261247323
51.6571533840243,-2.55828422555673,4.81799877430709,4.98398057089975
51.534528264378,-2.86590988905705,4.84786931647104,5.0525991099174
51.4108261885893,-3.17319299928994,4.8742306416633,5.13455578136773
51.272607496333,-3.47400782247414,4.91222877749446,5.21553082402586
51.1341509341776,-3.77460500534152,4.94638405718099,5.31032754382935
50.9914937048756,-4.07333119327239,4.98099321038101,5.41536663863747
50.8418593052788,-4.3685299411594,5.01923481861043,5.5274262877717
50.6853064256053,-4.66004679890827,5.06110500902833,5.64644013544656
50.5222691904291,-4.94793529449762,5.10615920835528,5.77274937136291
50.3605468969102,-5.23728370715729,5.14520587747884,5.91414618607863
50.1808309531742,-5.51515433649453,5.2009635491228,6.04933559749483
49.9932408855565,-5.78754370182469,5.2616892196216,6.18949810507352
49.8037573500038,-6.0594498498405,5.31948145391084,6.34040584709546
49.5948866824478,-6.31587991052249,5.39677329938065,6.48189404395677
49.3820208381066,-6.56996083689485,5.47390256618345,6.63167652912029
49.1472440031775,-6.80284094997737,5.57523954249619,6.76645594985748
48.9028542656224,-7.02668892079088,5.68357010894618,6.90143476614899
48.6342843970306,-7.21970952138446,5.82280759299867,7.01287635670806
48.3472444040684,-7.38414706907611,5.9869275820902,7.10437006233647
48.0391768618307,-7.50516603293177,6.18594449748011,7.16126817739908
47.7147721669834,-7.57137881340535,6.42329349634873,7.17374505169409
47.384803922989,-7.60269733163175,6.68018118476664,7.16319478924056
47.053553154832,-7.61401938060015,6.94521395756251,7.14464990763704
46.7221348118168,-7.61010048444364,7.06342169382684,7.12240980548613
46.3913156849181,-7.59024143153262,7.03158360954967,7.09495683859028
46.0613028040044,-7.56007093948203,7.00018073173411,7.06759491951141
45.7324626380684,-7.51883889524073,6.9715981841461,7.03912448782724
45.4050570833624,-7.46739637561513,6.94611877026282,7.00990177121258
45.0791238617102,-7.40732185976361,6.92314787593177,6.98122507552171
44.7548595053096,-7.3387935409152,6.90312650135654,6.95319218297301
44.4315894630276,-7.26553914598717,6.88313070945373,6.92949174088164
44.1084941394393,-7.19133945780623,6.85958520770132,6.90905452546963
43.7857846430197,-7.11552690114067,6.83378268092005,6.88914548268887
43.4638312038137,-7.03654844580696,6.80760223061089,6.8681411656473
43.1426671235643,-6.95442007318858,6.78133051248979,6.84586722321079
42.8222582219192,-6.86940149615196,6.75500811462287,6.82230729308606
42.5022454937671,-6.78293390791715,6.72746112899895,6.79888181115663
42.1830754365866,-6.69340081134449,6.700670746648,6.77374286984691
41.8640931004149,-6.60322376091563,6.67193573334596,6.74920941754843
41.5457399791479,-6.51086435500736,6.64351132768264,6.72350138281446
41.2274831385494,-6.41816874397165,6.61334495019071,6.69835085759111
40.9098029922201,-6.32351236198302,6.58353622978398,6.67180310845843
40.5921268174453,-6.22882975860355,6.55183874304468,6.64568697924237
40.2747845608643,-6.13303505960536,6.51994243330739,6.61872993077191
39.9577589485328,-6.03620902983838,6.48767131415521,6.5907093089248
39.6410243247526,-5.93846144704884,6.45485701438821,6.56151434184207
39.3235868699952,-5.84288504943432,6.41864837499502,6.53414265763871
39.0062977401457,-5.7468382545977,6.38187285414784,6.50563288952648
38.6890482141257,-5.65066070896864,6.34424037792112,6.47590434506195
38.3717883492658,-5.55451727960547,6.30564593192626,6.44498781296213
38.0544857992981,-5.45851298013526,6.26604673248572,6.41267799648968
37.7364722587792,-5.36407995220162,6.22385203178255,6.38019265045109
37.4112082349227,-5.31753963299792,6.13428487616884,6.39395121050016
37.0810837347492,-5.30277984403477,6.01301988183203,6.43738513628626
36.7482954380051,-5.30455635824974,5.87516970360048,6.4946998308932
36.4143604894705,-5.31177935871934,5.73163492606889,6.51667243609443
36.0807960339255,-5.31335902852012,5.59293906330535,6.46979773981542
35.7491192161503,-5.2982055507286,5.46974943608884,6.40795348561964
35.4213294290691,-5.25274030125264,5.37562341772162,6.31798339656083
35.0945829102602,-5.19895397643011,5.28935342849219,6.22118060407957
34.7696955929798,-5.13414031233792,5.21375853618728,6.11492721802176
34.4447776561484,-5.06987938060112,5.13709663388587,6.01037340461722
34.1189353106743,-5.01082718542862,5.0553093866846,5.91215899970045
33.7943464698314,-4.94496528526063,4.98032254097209,5.80838301228985
33.4689691357597,-4.88333617514827,4.9013239175123,5.71004070274925
33.1445605130884,-4.81667712938933,4.82699415355407,5.60777943667212
32.8196693525645,-4.75246790601608,4.7503090658335,5.50917259158491
32.4945213506012,-4.68968417923627,4.67256366551544,5.4130043490305
32.1693712212138,-4.62693446600521,4.59515751159746,5.31803574865537
31.8444910473605,-4.56270502148961,4.51886151370238,5.22273510298343
31.5200759190268,-4.49602152794514,4.44551294754386,5.12609068482419
31.1960098252298,-4.42765475430109,4.37442952258661,5.02899544569954
30.8721096986555,-4.35848804375594,4.30417263334592,4.93203945677484
30.5478148391549,-4.29125107882821,4.23233420888188,4.83824160169074
30.223375418414,-4.22476800300606,4.1605139777255,4.74603384170584
29.8989752081747,-4.15802168742206,4.08936351867699,4.65482128584148
29.5746487960868,-4.09093240478706,4.01876727875474,4.56418526827689
29.25077052401,-4.02161818016777,3.95131840478501,4.4725357266672
28.9266352499132,-3.95347498963189,3.88344247089363,4.38300772391142
28.6015297151456,-3.89005760474325,3.81097604447163,4.29925185140017
28.2781286240494,-3.81840689323643,3.74784138430213,4.2083842295123
27.9544672692251,-3.74795144539675,3.68457802173705,4.11977138359532
27.6289176040523,-3.68653267937093,3.612325591499,4.04110417490268
27.3053785389875,-3.6154514232857,3.55101922736231,3.95398636456625
26.9810222168612,-3.54822862768821,3.48716195231556,3.87166956314836
26.6561315133497,-3.48351006639341,3.42097024451591,3.79298712862462
26.3326999363867,-3.41183180396466,3.36308906095088,3.70831937594138
26.007416158137,-3.34896352417451,3.29783839042248,3.63366521040788
25.6834385767805,-3.27979602959938,3.23951618862067,3.55353672239328
25.3594148829411,-3.21077464392486,3.18222188946212,3.47486445239588
25.0340790236789,-3.14810553264443,3.12017124582577,3.40341610165826
24.7096688483649,-3.08091402765748,3.06390412431866,3.32859861509575
24.3846863065945,-3.01644598865707,3.0057480981637,3.25774172435067
24.0597097852659,-2.95193687521808,2.94941432477269,3.18764713287027
23.7350830908506,-2.88566773963948,2.89668074455705,3.11707767549177
23.4095533927468,-2.82381677580376,2.84040486595042,3.05214535285499
23.0850562426708,-2.75682949259487,2.79094558611971,2.98292634774506
22.7592432311991,-2.69634733582352,2.73691695843764,2.92148080820493
22.4344849538431,-2.63057503525562,2.69026289615256,2.85601095809012
22.1088286820755,-2.56927182318816,2.64020626793254,2.79610592734198
21.7834229693459,-2.50669963135127,2.59339894968001,2.7359853834596
21.4572354284964,-2.44801901891109,2.54488024338431,2.68103655297587
21.1318812939395,-2.38516894703477,2.50285857030881,2.62317542566945
20.8056632593268,-2.32673273276576,2.45842300325733,2.57100805601254
20.479274974299,-2.26916543797021,2.41477274782335,2.52098422574698
20.1536332446613,-2.20764787280424,2.37761643996279,2.46827790669289
19.8272285688667,-2.15013063101143,2.33897020014237,2.42081679424021
19.5005620263708,-2.09416715467566,2.30138960135968,2.37624495629392
19.173971221039,-2.03767870097943,2.26703310558277,2.33252746070283
18.846962156811,-1.98354370361864,2.23287050625829,2.29257823669453
18.5204698941737,-1.9265301797927,2.2039858430152,2.25106516776409
18.19315737193,-1.87414892296127,2.17340478101587,2.21565636910984
17.8656733864618,-1.82284023018609,2.14482952660511,2.18283391754341
17.5385031814335,-1.76963716976019,2.12135615325077,2.14967806839092
17.2108102834073,-1.71968231570365,2.0978878899941,2.12145606915318
16.8829197003493,-1.67095743062724,2.07657118099945,2.09610230314953
16.554832334046,-1.6235531365939,2.05743123251177,2.07350596738331
16.2266273366787,-1.5769794970771,2.04108404556803,2.0536720654817
15.8984720900985,-1.53006002505442,2.02884415412377,2.03523485214965
15.5698940623291,-1.48611087021609,2.01757067465542,2.02153180740634
15.241008189922,-1.44451742454334,2.01168202631869,2.01224733965791
14.91146098132,-1.40853885461753,2.01119940355569,2.01046350638321
14.5814034958395,-1.37760011057062,2.01396280795431,2.01580359908593
14.2507589710898,-1.3539129182243,2.02022457710392,2.03072565733372
13.9197264943562,-1.33604251168316,2.03239066486953,2.05340558814869
13.5882826492092,-1.33231016222042,2.04405698887046,2.09251203821469
13.2769711981255,-1.37810095514075,2.02059501440014,2.18035186975551
12.9937774141075,-1.48425079461822,1.95164587425841,2.32571004977473
12.7167634438283,-1.63708706231682,1.85826727813565,2.51813063079718
12.4466371648628,-1.8289606009348,1.75693681222405,2.74933766543391
12.1841064547858,-2.05222225317054,1.66149337965103,3.01177442621183
11.9298791911724,-2.29922286172232,1.58851596221991,3.15046834600485
11.6846632515973,-2.56231326928851,1.54937654974538,2.90636164991404
11.4491665136354,-2.83384431856736,1.55145746784091,2.67002291759652
11.2240968548617,-3.10616685225726,1.59574499649815,2.44267894919859
11.010162152851,-3.37163171305652,1.67702718691342,2.22555950866946
10.8169569159935,-3.63206214732859,1.7751998263982,2.02871212292215
10.6992849340463,-3.9350408057804,1.81818629904305,1.90712433677198
10.6441321515255,-4.26106898625927,1.82313847281077,1.84821372419763
10.6213722082023,-4.59174524012806,1.81828720428216,1.82296521465098
10.6162554199863,-4.92318617200291,1.81725811892036,1.81748087554276
10.6223239071414,-5.25463603372519,1.82173158922366,1.82608173082632
10.6384162599237,-5.58573658896726,1.83063969995952,1.84836602623958
10.6575865227971,-5.91664921431525,1.84792811904722,1.87805377610305
10.6801499823683,-6.24733850263621,1.87124718350691,1.91657440869336
10.7052404401672,-6.5778232897076,1.90045758471996,1.96407292153275
10.735281889496,-6.9078968155372,1.92985212319044,2.02403765270951
10.7669842253689,-7.23780932977496,1.96403354458288,2.09440257628222
10.7930858095925,-7.56813671372882,2.00719280773918,2.16937679862763
10.8273528899553,-7.89786846372219,2.04526358778153,2.26299552777539
10.8497885940615,-8.22838090759715,2.09849125486241,2.3579539727669
10.8830402120006,-8.55793265339931,2.14263779018132,2.47642929349567
10.9155810012093,-8.88734712671589,2.18783242859846,2.60849947925134
10.9473680674475,-9.21653728889524,2.235249328792,2.75445564924581
10.971576214432,-9.54641350966806,2.29091290291566,2.90879954142973
10.9963391638691,-9.87571470946861,2.34387423647044,3.07794495016929
11.0149415530717,-10.2052614261431,2.40292985119591,3.25647633937725
11.0234544802678,-10.5351519904908,2.47049271713988,3.44064723913944
11.0089620965422,-10.8648418674537,2.55740844675652,3.61970424455177
10.9615212001271,-11.1911319665422,2.67418435848471,3.78503236575317
10.8597896939122,-11.5045634104838,2.83664804540319,3.91639313473417
10.6714798290286,-11.7742148378902,3.07295743304375,3.97260262097656
10.4186621677222,-11.9882343869557,3.36029079951803,3.96385160978275
10.1396708363901,-12.1668779988076,3.66556906487263,3.93141322322437
9.84323823809841,-12.3150598451028,3.80893325664475,3.88828564110257
9.53519423252479,-12.4374413960313,3.77675058872017,3.84143237533977
9.22057821936568,-12.5415643330998,3.75197986128086,3.79894487466505
8.90136875706578,-12.6307046833009,3.73282116118489,3.76389393053283
8.57823153777698,-12.7045684585168,3.72088120748415,3.73561832528861
8.25272332059406,-12.7671970215518,3.71280174932816,3.71789307634649
7.92534188252641,-12.8191743763528,3.70863711075285,3.70903498635343
7.59644441769037,-12.8605815858175,3.70885842215093,3.70951564431363
7.26653279594214,-12.8929311284257,3.71272779347315,3.71918525569692
6.93581326334195,-12.9153386059206,3.72135450623079,3.73708499743089
6.60467977777698,-12.9292088730288,3.73355775054546,3.76525120787301
6.27336379294031,-12.9368245582821,3.74729469030611,3.80533696717272
5.9420104669799,-12.9363879879428,3.7645878487352,3.85714553143308
5.61087493496241,-12.9269974505282,3.78655351510888,3.91922529120858
5.2798676678744,-12.914971327857,3.80709319376427,3.99912855573182
4.94922572842413,-12.8963153271694,3.83036924477097,4.09284565937674
4.6191225170937,-12.8709536753844,3.85661620166016,4.20020850528743
4.28983615500212,-12.8385653911695,3.8862929583387,4.32076952896879
3.95933484346424,-12.8121167555934,3.90648568957349,4.46511670693981
3.63151497900868,-12.767176860751,3.94178655918944,4.6102883192229
3.30234114672271,-12.7279484379901,3.96776011388421,4.77791655654964
2.9768421362672,-12.6692378471013,4.00951231837747,4.94351101116997
2.64960260227517,-12.6162578164504,4.04209341492596,5.12924465863174
2.32786568598775,-12.5414338155697,4.0934388866624,5.31015570437721
2.00346403546764,-12.4726870872224,4.1350886641614,5.50877547662871
1.68647799211618,-12.3801750185276,4.19758739099597,5.69909848233134
1.36788582155614,-12.2891494942442,4.25486607212912,5.90204096599297
1.05984062045472,-12.1707801392271,4.33689723190389,6.09135728704947
0.756317273473638,-12.0411834315745,4.42695755870781,6.28146045546796
0.4599510696294,-11.893911534633,4.53173574365031,6.46594864089414
0.186625005469886,-11.7086558864509,4.67374122029234,6.62240571404352
-0.0530321884978948,-11.4815072314552,4.85880119913814,6.74121927197166
-0.249540844661003,-11.2153157071584,5.08703698383815,6.81646501070566
-0.407724319881229,-10.924217226132,5.3440425071175,6.85904194011026
-0.532934849887203,-10.6173990957853,5.62090841030479,6.87748164677684
-0.634180310391601,-10.3018111117931,5.90955815938589,6.88201790418213
-0.713953093306374,-9.9800969751769,6.20736433425091,6.87627455834738
-0.77544244997027,-9.65439541089771,6.511525589541,6.86387216747515
-0.821829572495716,-9.32620881335106,6.82061057578428,6.84828857390551
-0.856229309347652,-8.9965374962772,6.81201280767137,6.83243462775746
-0.876886886718818,-8.66568724904585,6.7996208723296,6.8153791192452
-0.886723890092392,-8.33434069168546,6.79045179353752,6.80040344436056
-0.892883006270003,-8.00289231147963,6.7780981268816,6.79081256353072
-0.89409567218203,-7.67138703661622,6.76458333776014,6.77976429646439
-0.891402040957565,-7.33989433774042,6.74962952923808,6.76814076034412
-0.884045925497194,-7.008471527064,6.73423747321842,6.75515779590262
-0.872283740018357,-6.67717584154234,6.71874655293717,6.74115677245344
-0.856387829874144,-6.34605522532152,6.70280284153754,6.72614014216996
-0.836821735573404,-6.01513735639141,6.68660204740706,6.71079974209242
-0.814901134423669,-5.68436300243708,6.66897104855309,6.69620122892376
-0.787807545423515,-5.35397323202982,6.65287753501054,6.67963542782519
-0.757747567884572,-5.02383855739421,6.63625426087964,6.66319297756718
-0.725158969010078,-4.69394687638018,6.61880313292649,6.64728977024018
-0.688328649400054,-4.36449816701787,6.60238087276571,6.63020201123267
-0.649383396347976,-4.03529583164605,6.58498361622886,6.6139426856587
-0.606121808883518,-3.7066316426374,6.56895247376157,6.5963713440696
-0.561244074148006,-3.3781877374543,6.55168830977798,6.58002011060604
-0.513430884579394,-3.05015317976575,6.53463045665038,6.56367877333284
-0.462689436605177,-2.72255404564576,6.51784600132782,6.54713944565048
-0.408199637278456,-2.39556640813709,6.50174637216661,6.52969694713386
-0.352349536905608,-2.06880360085067,6.48448107669438,6.51355906856954
-0.292109673647427,-1.7428228428726,6.46920227618033,6.49576064337186
-0.230586336828511,-1.41708557248039,6.45282508227631,6.47927539048671
-0.166744875730621,-1.09179319135703,6.43573339338158,6.46311339014359
-0.100499007011625,-0.766978409363039,6.42376065515187,6.44706966557386
-0.0315961851573308,-0.442712173692636,6.43087085266514,6.43087085266514
